pred_conf,pred_area,score,distance_x,distance_y,distance_z
0.7765399217605591,97763.0234375,0.9906707012885135,5.224105084569171,3.5898401891799914,1.1322486400604248
0.7940719723701477,94490.5,0.9928021589209736,5.22874137225838,3.5928404485794054,1.1243276596069336
0.7808120250701904,93322.109375,0.9912413314382633,5.226368630559161,3.600060716828917,1.1159987449645996
0.7828540205955505,95206.90625,0.9915017996504123,5.2329961902210265,3.595294491014098,1.1199920177459717
0.7819348573684692,92076.53125,0.9913855135936231,5.232821667821124,3.594381824693297,1.1140151023864746
0.7751465439796448,86930.7265625,0.9904767881898349,5.223087037236407,3.60380436535797,1.0484087467193604
0.7361103892326355,88933.9765625,0.9831100282533043,5.213612282902911,3.612412468156432,1.0023733377456665
0.7444277405738831,95757.0625,0.9850416899551133,5.210531914860919,3.616746202668761,0.9542781114578247
0.7226816415786743,98293.703125,0.9794699595881234,5.193734372288898,3.6426992570968615,0.987244725227356
0.7185303568840027,90855.8203125,0.9781988548971688,5.146952355534747,3.721621528825377,1.044105887413025
0.7472679615020752,109005.71875,0.9856506586262399,4.984080994755939,3.95463706608734,1.115460753440857
0.6643190979957581,101323.7421875,0.9529816327773822,4.771877015263751,4.237035289964293,1.1534245014190674
0.767876148223877,98164.5,0.9893988665538453,4.63923999133797,4.415777937135314,1.1494923830032349
0.6946462392807007,106618.6171875,0.9692868515613181,4.255965912968829,4.894018188676451,1.0976182222366333
0.7417739629745483,82397.484375,0.984449982563817,4.101772511632159,5.090288654527281,1.0834910869598389
0.7349188327789307,82109.375,0.98281415849442,3.8315064555713683,5.410906091889952,1.083884596824646
0.7243128418922424,84531.1484375,0.9799496102445522,3.5547620898792296,5.685919538697814,1.1270968914031982
0.7337297201156616,75052.6796875,0.9825138835872549,3.219363415867999,5.949427381715392,1.1834511756896973
0.6690367460250854,78206.671875,0.9559580882499932,3.0381505137989073,6.0811288511367785,1.1967345476150513
0.7754827737808228,71941.1875,0.9905239404425281,2.692031109959796,6.340528622827147,1.1990960836410522
0.7424027919769287,69097.6640625,0.9845922186726519,2.3946506625721007,6.592996016702269,1.1623494625091553
0.7465593218803406,77032.6640625,0.9855010228979995,2.267878735692218,6.703522041997527,1.130321979522705
0.7446204423904419,61274.48828125,0.9850837915814075,2.021998608739093,6.882239595613097,1.0658711194992065
0.712191104888916,64830.0234375,0.9761106404360183,1.7494966632434874,7.045264229735945,1.0353223085403442
0.7142636775970459,69618.7578125,0.9768136423412407,1.3227960712024718,7.246637315115546,1.0225343704223633
0.7645184397697449,89978.609375,0.9888614252264827,0.6544839984485655,7.5217090925189005,1.0662957429885864
0.7402700781822205,68070.3671875,0.9841046132330986,0.11593076053352647,7.749220029077147,1.1024130582809448
0.7105955481529236,65211.078125,0.9755555657118538,0.22200564083366103,7.894618467053984,1.1232155561447144
0.7599418759346008,61421.4453125,0.9880856394185815,0.8065688961437196,8.153828815183257,1.1426775455474854
0.7051765322685242,54232.25,0.9735767634669652,1.3578327053478212,8.405254737100218,1.1413153409957886
0.7053297758102417,50985.79296875,0.9736347656863891,1.6009929531505556,8.512074485978697,1.1162891387939453
0.6378046274185181,49684.66796875,0.9325966349003035,2.311837946741864,8.780922666749571,1.0464766025543213
0.7199102640151978,60256.21484375,0.9786295628557123,2.751084124415204,8.903631106576537,1.0248041152954102
0.7005256414413452,52610.66796875,0.9717574355839166,3.948314463465497,9.182788506707762,1.0098392963409424
0.7423564195632935,53600.4453125,0.98458177300488,5.278031145899579,9.445870653352355,1.0329439640045166
0.6495944261550903,43783.54296875,0.9424746893275384,5.877635752527997,9.559673563203429,1.0661191940307617
0.7467424273490906,45233.80859375,0.9855398324665795,6.77171496090202,9.773889318666075,1.1223076581954956
0.7638405561447144,37217.12109375,0.9887497220829018,7.066438471644208,9.862270370683287,1.1260992288589478
0.7249919772148132,41887.96484375,0.9801461028937388,7.365985667078778,9.969511762818907,1.1068412065505981
0.6628096699714661,31848.818359375,0.9519910795379083,7.523700510828778,10.078717962464903,1.0437477827072144
0.6944503784179688,30075.056640625,0.9692011248971766,7.567302500574872,10.124855056962584,1.0146669149398804
0.6730917692184448,27658.869140625,0.9583768092469331,7.618936335413739,10.240273014268492,0.9949538111686707
0.7388091087341309,30892.83984375,0.9837619595417028,7.675102030604169,10.436990991792296,1.001817226409912
0.7920787334442139,19591.94140625,0.992586403404744,7.804771220057294,10.884001270494078,1.0507581233978271
0.7194706201553345,21624.71875,0.9784932347037474,7.897111689417645,11.136239067277526,1.0859438180923462
0.7179841995239258,22386.18359375,0.9780260863265929,8.142213618128583,11.706750169953917,1.1566734313964844
0.7318009734153748,20806.1171875,0.9820159849114536,8.405669962733075,12.258421674928282,1.2149522304534912
0.8595386147499084,20793.19140625,0.9972835855219838,8.569177424280927,12.608458296022032,1.229866862297058
0.8846325874328613,20439.837890625,0.9981330158727042,8.798860346644208,13.04154850598297,1.2259052991867065
0.8042880892753601,21250.037109375,0.9938142685841125,9.034652506678388,13.476165548524474,1.1715079545974731
0.7312696576118469,11687.48828125,0.9818764310142515,9.181718623011395,13.764137998780821,1.138625979423523
0.9003551602363586,15676.5439453125,0.9985242892744874,10.318185602991864,16.198590055665587,1.037678837776184
0.8244869709014893,19362.69140625,0.9954188023095936,10.460241114466474,16.53926636334381,1.0429797172546387
0.8143468499183655,20320.640625,0.9946728907002431,10.65855578121452,17.04576756115875,1.0238382816314697
0.7810714244842529,22221.568359375,0.9912748504863769,10.76818827327995,17.30692364331207,1.0141074657440186
0.8204684257507324,18690.791015625,0.9951364707377961,10.81338862118034,17.420525327882384,1.0000358819961548
0.7965611815452576,18728.185546875,0.9930629073753934,10.828296458094403,17.450885549745177,0.9895542860031128
0.8639707565307617,17399.048828125,0.9974575659158105,10.838754450648114,17.46876312848053,0.9727917909622192
0.844279408454895,15980.390625,0.9965888921071127,10.843225275843427,17.453147665223693,0.9658733606338501
0.8688521981239319,17625.93359375,0.9976363677470519,10.828611170618817,17.421692625245665,0.9689335823059082
0.8245657086372375,17618.201171875,0.9954241685708796,10.819333826868817,17.40046478863678,0.9727159738540649
0.8627274632453918,16370.4111328125,0.997409912757249,10.815149103968427,17.362302557191466,0.9682728052139282
0.8921748399734497,15693.1005859375,0.9983321698280108,10.618467534215167,7.453196302613829,0.0
0.8905715942382812,16554.001953125,0.998291690112716,10.618467534215167,7.453196302613829,0.0
0.8912838101387024,15441.1982421875,0.9983097921152209,10.840879237025067,17.338230863771056,1.2208452224731445
0.8888272047042847,14888.3916015625,0.9982465331653564,10.828798090784833,17.320501104554747,1.2223680019378662
0.9133608341217041,15914.9638671875,0.9987853079045973,10.811347758143231,17.301296964845275,1.2187546491622925
0.8272152543067932,17729.314453125,0.9956011531480008,10.821279322474286,17.33204437848053,1.2128735780715942
0.47634342312812805,17636.861328125,0.6473242787219033,11.34537104305534,18.45060898419342,1.1787970066070557
0.9538881778717041,13391.5322265625,0.9993380047525919,11.468345438807294,18.710818067750548,1.20724356174469
0.9523667097091675,14330.43359375,0.999322740217043,11.69896105465202,19.209011808595275,1.2855870723724365
0.8537647724151611,15738.751953125,0.8556671817160806,11.895110880701825,19.646102682313536,1.3666965961456299
0.9225454330444336,15996.2470703125,0.8674612196884135,11.987235819666669,19.86329437848053,1.4057316780090332
0.9599102735519409,14987.68359375,0.9993951247483399,12.18980578121452,20.30618359204254,1.476876974105835
0.8733237981796265,15030.541015625,0.9977891410080596,12.31138781246452,20.553927198609923,1.497071623802185
0.843115508556366,12951.310546875,0.9965291639113678,12.569272791712567,21.06935097332916,1.4127416610717773
0.8457826972007751,14390.3291015625,0.9966645267475847,13.882953440516278,23.96114613171539,1.1443531513214111
0.8828424215316772,12698.5419921875,0.9980823659249192,14.09587267574577,24.465470091065978,1.1568161249160767
0.7321047186851501,13559.74609375,0.9820952973381881,14.41364840206413,25.20645977612457,1.197098970413208
0.42812204360961914,13430.9658203125,0.5523115643287622,14.602155482142255,25.61252667065582,1.1803897619247437
0.8225114941596985,12894.7529296875,0.9952821036523021,14.665595805018231,25.737704054078673,1.1675604581832886
0.9259363412857056,12923.01953125,0.9989937745855815,14.73197344478874,25.878227964601134,1.155527949333191
0.8596004843711853,12390.8017578125,0.9972860938951029,14.852449213831708,26.089815870484923,1.1165399551391602
0.8165473937988281,11288.0556640625,0.9948443721119482,14.94832972225456,26.28476025219879,1.0994951725006104
0.8570688962936401,12700.201171875,0.9971815481783283,15.362127100794599,27.132719770631407,1.089554786682129
0.9091215133666992,13321.1357421875,0.9987057290937351,15.567027842371747,27.575318113526915,1.1099215745925903
0.9057748317718506,12311.8583984375,0.9986392490605619,15.624547755091474,27.704632536134337,1.1122641563415527
0.8415796160697937,9245.9736328125,0.9964487519874692,15.690122401087567,27.835091367921446,1.1110767126083374
0.8492426872253418,10805.54296875,0.996832331193633,15.712766444056317,27.865431562623595,1.1026297807693481
0.8982304334640503,12284.41796875,0.99847662086759,15.737668787806317,27.88861538525543,1.1062092781066895
0.8911451101303101,11061.53515625,0.9983062819036161,15.73935297664909,27.889755979737853,1.111903429031372
0.92598956823349,11760.0029296875,0.9989945762908036,15.709232127039716,27.884276167115782,1.1170541048049927
0.8916093707084656,12516.9375,0.9983180028814722,15.553245341151044,27.8991058027359,1.1367037296295166
0.8253287076950073,14230.0107421875,0.9954758477080634,15.066789423792645,28.053562895021056,1.1760656833648682
0.7224692702293396,13583.09375,0.979406703642778,14.71461275753288,28.193489805421446,1.2115819454193115
0.9147961735725403,12551.4921875,0.9988111295412185,14.002126490443036,28.49416424389801,1.2926578521728516
0.7905410528182983,11866.9697265625,0.9924156065775152,13.42492655452995,28.74303890820465,1.3546311855316162
0.8650771975517273,13320.83984375,0.9974992390662609,13.16926363643913,28.844597593507384,1.3723613023757935
0.9475244283676147,11901.27734375,0.9992717793327293,12.668973719446942,29.010533109864806,1.4180641174316406
0.9577867984771729,11726.25390625,0.9993755684283677,12.4133909099987,29.092633024415587,1.4255479574203491
0.8944545388221741,12723.0859375,0.9983880873485347,11.683385645716474,29.30131985302887,1.3761018514633179
0.2832997739315033,15787.29296875,0.4223852817202252,11.189279352991864,29.43447376843414,1.3690123558044434
0.8959274291992188,12821.26171875,0.9984232168258287,10.116283213465497,29.687142149171446,1.4176206588745117
0.9426250457763672,12560.3173828125,0.9992163188045617,9.613704478113934,29.791836515626525,1.4437453746795654
0.3728159964084625,6997.96533203125,0.4775396245209829,8.670686518519208,30.004637495240782,1.4898593425750732
0.8554978966712952,14031.60546875,0.9971146658257888,8.26566485103874,30.097426191529845,1.497953176498413
0.7892526984214783,12271.474609375,0.9922695171529395,7.539779459803388,30.27823521252594,1.5135066509246826
0.8942669630050659,11935.9443359375,0.9983835578583966,6.827382838099286,30.45311428662262,1.559543251991272
0.8958932757377625,10843.796875,0.9984224109486295,6.4943597668102235,30.53032375927887,1.5602738857269287
0.9160414338111877,12959.9658203125,0.9988330874361981,5.693757807581708,30.697684065065,1.4481817483901978
0.4962137043476105,14002.8466796875,0.6914831239723127,2.767878329127118,31.35808254834137,1.187195062637329
0.8130614757537842,11930.6708984375,0.9945701227296441,1.1374938839366884,31.733860746583556,1.207138180732727
0.9113311171531677,11280.345703125,0.9987478353113872,0.37186602291373916,31.912020460328673,1.2332851886749268
0.7017787098884583,8521.2529296875,0.9722590112108285,1.028410161168292,32.22697903271637,1.2995779514312744
0.8743671774864197,13646.4091796875,0.9978233485630497,2.1755621081897765,32.49337078686676,1.3488718271255493
0.6215763688087463,14185.8759765625,0.9166017923282548,2.639764035374835,32.610329405030825,1.3559985160827637
0.6953622698783875,14962.193359375,0.9695983346221824,3.396939957768634,32.82175137158356,1.2708969116210938
0.8001710176467896,12432.9541015625,0.9934245382794802,3.7101175433704405,32.90237118359528,1.2130118608474731
0.7780672311782837,13322.3076171875,0.9908787902851679,4.209996426732257,33.0043304121109,1.1131393909454346
0.8349292278289795,11215.9580078125,0.9960786568919291,4.420968259007648,33.02621342297516,1.0899134874343872
0.8270475268363953,11858.091796875,0.9955901535342843,4.827330315739825,33.046955839357,1.0680679082870483
0.6342531442642212,10132.005859375,0.9293428586577196,5.014721120030597,33.0509841596695,1.0723940134048462
0.891326904296875,10700.400390625,0.9983108812471557,5.484214032323077,33.07824780102692,1.1412214040756226
0.8327310085296631,12314.90625,0.9959480897134667,5.786154950291827,33.099669233522036,1.1921647787094116
0.9167675375938416,13142.328125,0.9988457036499998,6.496940816075519,33.167166486940005,1.2765345573425293
0.7523794770240784,9255.2626953125,0.9866862409955847,6.905899727971271,33.20839573498688,1.2664815187454224
0.6567218899726868,12780.5009765625,0.9478000279752679,7.970669234425738,33.29098202343903,1.1861255168914795
0.8520053625106812,12588.923828125,0.9969602656482099,8.591826880604938,33.31353832837067,1.147244930267334
0.8846192359924316,11268.0947265625,0.9981326430792286,9.625518644482806,33.36339642163239,1.1152020692825317
0.631334662437439,11756.7314453125,0.9265679526922953,10.115024710328296,33.386391416749575,1.1275464296340942
0.880805253982544,12456.2138671875,0.9980230593558186,10.78183184030743,33.36218525525055,1.181338906288147
0.7717908024787903,9140.06640625,0.989993356288235,11.14913406434746,33.31371571179352,1.2246073484420776
0.9587782621383667,11131.5166015625,0.9993847767792615,11.88278337779732,33.147669569215395,1.2972527742385864
0.9378265142440796,9372.5869140625,0.9991579134432937,12.26904305282326,33.04629398938141,1.3281991481781006
0.8254603743553162,8794.1455078125,0.995484706897885,13.083885872990802,32.79773785229645,1.3704633712768555
0.9309865832328796,11912.6171875,0.9990670700399638,13.823614562184527,32.53866459485016,1.3358997106552124
0.32841920852661133,9701.09375,0.44250973735525145,15.931549752385333,31.76780583020172,1.1430715322494507
0.8507171869277954,9079.5859375,0.9969012651198096,16.626100743443683,31.488606229981993,1.105346918106079
0.7870898842811584,11761.87890625,0.9920180017854363,17.84503432574959,30.964207426271056,1.1114611625671387
0.7669340372085571,11955.818359375,0.9892506943138031,18.3594042903492,30.693991438111876,1.1459027528762817
0.8166890740394592,9909.2138671875,0.9948552233811435,19.235470021397784,30.17053677197418,1.2495924234390259
0.8522163033485413,9935.5859375,0.9969698200036812,19.61238976779671,29.92128826733551,1.310626745223999
0.7461212873458862,11689.7294921875,0.9854077679485215,20.30205556216927,29.429268614015196,1.4118980169296265
0.5740151405334473,7792.88720703125,0.8513028693287571,20.668790066868976,29.161587492189025,1.4121484756469727
0.345810204744339,11562.423828125,0.45403873481484996,23.592562878758624,26.682997480592345,1.163486123085022
0.7256209254264832,11985.966796875,0.9803264154369453,24.307796681554034,26.035122648439025,1.1538110971450806
0.897335946559906,9865.404296875,0.9984560964311662,25.508523190648273,24.931896940431212,1.1615790128707886
0.6465885639190674,12041.6708984375,0.9400865540175416,26.875011647374347,22.851493612489318,1.159479022026062
0.7081331014633179,12419.1044921875,0.9746746096476723,25.15433713260384,19.6838958417984,1.017698049545288
0.8121603727340698,12657.189453125,0.9944969090152707,24.716280186803058,19.1158445036026,0.9919384121894836
0.7625038623809814,11736.662109375,0.9885262299628067,23.90477963748665,18.148430601319884,0.9401981830596924
0.884103000164032,12169.6455078125,0.9981181725314905,23.529361928136066,17.728903547486876,0.9022566676139832
0.4223601520061493,10999.6328125,0.5426997156918383,22.77073880496712,16.916574255189513,0.856530487537384
0.7462038397789001,12864.27734375,0.9854253874809304,22.407983983189776,16.53285481091461,0.8756526112556458
0.5130190253257751,9894.521484375,0.7292000671353516,21.643619740636066,15.761135832032775,1.0579437017440796
0.8361309766769409,16345.556640625,0.9961482609318557,17.74954148593636,12.196120992860411,1.183599829673767
0.8386967778205872,15979.900390625,0.9962927878919656,16.901114190251544,11.476653829774474,1.2133783102035522
0.8860511779785156,16389.15234375,0.9981722037205849,15.336253846318439,10.168615356645201,1.2704578638076782
0.9213088154792786,17265.7421875,0.9989215784351368,14.624918187291339,9.579813972673033,1.2954727411270142
0.8990472555160522,19839.626953125,0.9984951254172776,13.228002274663165,8.423574403485869,1.3472198247909546
0.8750017881393433,20174.646484375,0.880869921333798,12.046553457410052,7.435777290350412,1.4023319482803345
0.579325795173645,10062.537109375,0.8600325043866263,10.585910393179372,6.196542040071105,1.309873104095459
0.630620539188385,25787.66015625,0.92587483127893,9.896386647851184,5.4696247732254015,1.1514828205108643
0.8161357641220093,30006.783203125,0.9948127165780174,9.873265350491717,5.42469526883087,1.1466559171676636
0.7788489460945129,31964.794921875,0.9909835206388913,9.855497444302753,5.324505344590758,1.1235483884811401
0.6748133301734924,38910.09765625,0.9593660419503561,9.853455329568103,5.282424226960753,1.087786316871643
0.6908606290817261,30912.35546875,0.967589298687501,9.85226317706795,5.210900322160338,1.0208336114883423
0.7890721559524536,28986.107421875,0.9922488244122633,9.845432782799914,5.1738765394302355,1.0209180116653442
0.6235027313232422,33037.984375,0.9186550995960043,9.822383607060626,5.088121429643248,1.0742692947387695
0.6415412425994873,34757.04296875,0.9358779790588654,9.764973724515155,5.019731775483702,1.091541051864624
0.6856045722961426,33481.57421875,0.9650852945691105,9.424360836178973,4.71529437657318,1.129757046699524
0.6240360140800476,40568.28515625,0.9192159409717175,9.141894186169818,4.494491354188536,1.166351556777954
0.6567972302436829,40706.48828125,0.9478538620163407,8.516798699528888,4.035827890596007,1.214626431465149
0.6831454038619995,43685.1484375,0.9638523693897337,8.231555188328937,3.8235867178054797,1.238650918006897
0.7056055665016174,44475.71875,0.9737388457382363,7.892588341862872,3.564558521470641,1.2837270498275757
0.6840777397155762,48588.24609375,0.964324527967971,7.361374581486896,3.1396048223587023,1.3871290683746338
0.6995583772659302,51358.19140625,0.9713643774477017,7.065566981465533,2.9104764616104113,1.4440714120864868
0.8039024472236633,62103.22265625,0.9937787548223918,6.532504761845782,2.5004446661087023,1.4283918142318726
0.7005098462104797,69598.359375,0.9717510584077438,6.206011975438312,2.254775301179503,1.392397403717041
0.6389515995979309,33251.0546875,0.9336191631518391,5.75988265338631,1.9239547407241808,1.337435245513916
0.4521215558052063,24821.109375,0.5966767722719651,5.3564703113147765,1.6502320921035754,1.2591620683670044
0.7439513802528381,54998.05859375,0.9849371168893409,5.3126213199207335,1.6265514051528918,1.2072101831436157
0.7805352807044983,65090.3125,0.9912054312230383,5.242414677769855,1.6004531538101183,1.081741452217102
0.7625872492790222,72737.25,0.9885402985172167,5.216526711613849,1.6011326467605578,1.0184634923934937
0.8405176401138306,89191.28125,0.9963920718461281,5.192185605199054,1.6040127431961047,0.9688220620155334
0.8328327536582947,104523.09375,0.9959542272914146,5.161786282689288,1.617521063050841,0.9729797840118408
0.7461527585983276,103079.5,0.9854144874752204,5.15204402271004,1.6184241926284777,0.9836052656173706
0.7409858107566833,105640.4921875,0.9842699030915962,5.1118414050647765,1.6171190893264757,0.8817004561424255
0.7416423559188843,108719.6484375,0.9844200527582027,5.075112546117023,1.6143710767837511,0.7317686676979065
0.7694936990737915,118392.90625,0.9896486050436365,5.057154381901935,1.614241853913878,0.6688079833984375
0.7405627965927124,127985.5859375,0.984172416264993,5.019874299199298,1.6250431692214953,0.5564427971839905
0.742685854434967,136946.953125,0.9846558309620485,5.0093915111133605,1.6221468603225695,0.5014419555664062
0.6855955719947815,137037.40625,0.9650808549627101,4.989187920720294,1.6173880254837023,0.4326315224170685
0.75030916929245,140481.15625,0.9862759060715975,4.9748270160266905,1.6147797262283312,0.3982287645339966
0.6690118312835693,135840.75,0.955942834599641,4.958009923131183,1.6014740621658312,0.2812219262123108
0.7426848411560059,141659.03125,0.9846556037059013,4.946824753911212,1.6180513059707629,0.2700848877429962
0.6117112636566162,142966.609375,0.9053981063500474,4.9044792300769835,1.6747734701248156,0.29564201831817627
0.6552309989929199,200884.734375,0.9467243314912598,4.704911435277179,2.036959425172423,0.34095749258995056
0.6468845009803772,212284.09375,0.9403255307606423,4.571195805699542,2.300621763429259,0.35645708441734314
0.6150486469268799,139732.34375,0.9093192323079797,4.290876114995196,2.888207689485167,0.35857468843460083
0.7368394732475281,122900.6484375,0.9832886183608698,4.154388631016925,3.1734464323135363,0.35652777552604675
0.7237798571586609,124954.671875,0.9797940894107905,4.038097108037189,3.4156925832839953,0.3726207911968231
0.6921083331108093,128825.203125,0.968158350383581,3.7902028209278136,3.8703789865585314,0.4416549503803253
0.6938706040382385,134339.65625,0.9689460341213404,3.6234919673511534,4.127914444169615,0.47270530462265015
0.6937682032585144,141229.140625,0.9689007724643424,3.4516760951587706,4.3820533907028185,0.46026021242141724
0.5667777061462402,193664.640625,0.8388315567231472,2.9324376231739073,5.083266512117003,0.37515443563461304
0.6596147418022156,190447.75,0.9498313436450498,2.611187184483722,5.501028195581053,0.35993051528930664
0.6441872715950012,126467.609375,0.9381158106527496,2.243671620518878,5.974936739167784,0.3574623763561249
0.6795669794082642,136605.140625,0.9619853685454278,1.501911366612628,6.9055147921653734,0.3843761384487152
0.7737396955490112,95833.5546875,0.9902769782613476,1.1615526324817687,7.3311975007863985,0.39555349946022034
0.7865203619003296,98228.4765625,0.9919504395582928,0.6081344729969054,7.973293617925261,0.4080324172973633
0.7472854256629944,72894.9375,0.9856543272566255,0.3052951938221007,8.275763407907103,0.4148881733417511
0.734941840171814,82913.984375,0.9828199186958595,0.01857873264046006,8.538277999124144,0.42649659514427185
0.684657871723175,51007.671875,0.9646153993825265,0.5725686901500673,9.061231986245726,0.4331675171852112
0.4206274747848511,11205.9794921875,0.5398922863878477,0.8217923992565126,9.277320281228636,0.4166896939277649
0.6687499284744263,27081.0,0.8138719723478884,1.0844076031139345,9.513749138078307,0.37028124928474426
0.6405166387557983,48011.3828125,0.934992471072482,1.545573984949872,9.912744537553404,0.3139435350894928
0.7300295829772949,38646.66796875,0.9815466227706304,1.7278774135997743,10.064037815293883,0.2883374094963074
0.630059003829956,38672.90625,0.9253258697413553,1.9668376797130556,10.242871299943541,0.25401604175567627
0.709229588508606,36241.03125,0.9750705723110071,2.097836291163251,10.283224121293639,0.24456775188446045
0.7525505423545837,30890.1640625,0.9867196048807187,2.263288294642255,10.29181648846588,0.2377360612154007
0.7419534921646118,30504.955078125,0.984490720484684,2.4212062710216493,10.285078064164733,0.2274927943944931
0.7389278411865234,32205.021484375,0.9837900729241428,2.554989611475751,10.27057649250946,0.22838464379310608
0.775371789932251,36179.3125,0.9905084017185143,2.720118319361493,10.1388518964859,0.3032550513744354
0.6528522372245789,35003.28125,0.944966566179865,2.7536552303722353,9.95315648671112,0.3437996208667755
0.603355884552002,39774.6875,0.8949775497389076,2.9012716167858095,6.789134517869567,0.21974685788154602
0.7427230477333069,61979.32421875,0.9846641703318355,2.9243734234264345,5.693355694970702,0.20945273339748383
0.8679813742637634,76050.9921875,0.9976054146539691,2.9200733059337587,5.243005529603575,0.21981920301914215
0.8231837749481201,55414.2578125,0.9953290723474038,2.9175355785778017,4.911095396241759,0.22392012178897858
0.7736879587173462,60399.73828125,0.9902695521723817,2.9463880413463563,4.541335359773253,0.21661877632141113
0.7950592637062073,73820.703125,0.9929067180866422,2.9967382305553407,4.421899572572325,0.19086234271526337
0.784419059753418,108021.6328125,0.9916962475749183,3.0756509655406923,4.406551614961241,0.18214377760887146
0.8053619265556335,115933.0546875,0.9939121046028538,3.164268290369794,4.409017101487731,0.18930895626544952
0.6994673609733582,113915.7265625,0.9713271256645625,3.54223612484245,4.418890253266905,0.20276294648647308
0.7105408310890198,130982.9921875,0.9755363129214627,3.868837153284833,4.383610025605773,0.20339486002922058
0.7661183476448059,114326.7890625,0.989120764404047,4.595743929713056,4.23426033612213,0.20973610877990723
0.7840014100074768,90709.53125,0.9916447900663095,4.926201617090985,4.162095800599669,0.21468423306941986
0.7678610682487488,91663.2109375,0.9893965106928144,5.40281847652702,4.062276378831481,0.22621777653694153
0.7292643189430237,76615.6171875,0.9813402024126543,5.562267100184247,4.003672138414,0.2514239251613617
0.7663140296936035,74033.140625,0.9891520741497497,5.943622385828778,3.7272775327774035,0.32011309266090393
0.7320805788040161,67013.0625,0.9820890064980055,6.143037592737958,3.534149662217711,0.33502742648124695
0.7340083718299866,68051.3359375,0.9825847021087574,6.551704203455731,3.111418024262999,0.31376904249191284
0.7314527034759521,73801.8203125,0.981924627410714,6.7806146496227235,2.859699503144835,0.31425121426582336
0.7502565979957581,65923.75,0.986265327233547,7.173785960047528,2.41526676770172,0.3977568745613098
0.7674756646156311,80488.078125,0.9893361264494196,7.326736246912763,2.2536723768325793,0.4047777056694031
0.8500826358795166,84963.25,0.996871784272384,7.507953440516278,2.072932497224425,0.3379499614238739
0.7313117980957031,73689.4765625,0.9818875377433665,7.580289637415692,2.012149110993956,0.3116646409034729
0.6932186484336853,58319.515625,0.9686567992638668,7.654926096766278,1.9467103635879504,0.2948659658432007
0.7731103301048279,59546.359375,0.9901862620603261,7.772950922816083,1.8631208097549425,0.2873181402683258
0.7222539186477661,54650.61328125,0.9793423681372515,7.811618601649091,1.8400747930618273,0.28722473978996277
0.7840729355812073,51507.7421875,0.9916536247933654,7.863609110682294,1.7755992567153918,0.3058733344078064
0.6649062633514404,56464.8515625,0.9533618800376658,7.919858729212567,1.6759216940017687,0.31787943840026855
0.7413095235824585,63404.10546875,0.9843441102832832,8.138046061365888,1.2064764654251086,0.35823115706443787
0.8004723191261292,70883.15625,0.9934538656987671,8.314510142176434,0.8211181318374621,0.44727206230163574
0.607425332069397,43251.3046875,0.9001617342907872,8.500776087611005,0.40053774472198356,0.5751768350601196
0.7154049277305603,57188.25390625,0.9771922260012378,8.848930155604169,0.3476092660812391,0.7713631987571716
0.8260893225669861,73232.3359375,0.9955267888180692,8.969152247278974,0.6050293291000379,0.7972621917724609
0.7545512914657593,58723.0859375,0.9871038054291321,9.187091624110028,1.0638897264389051,0.7772547006607056
0.7416089177131653,63812.2578125,0.9844124393787532,9.26118258175163,1.2196810090927137,0.7736678719520569
0.8304463028907776,74849.703125,0.9958078086007582,9.320331370203778,1.3238870942977918,0.7770277261734009
0.8038100004196167,64952.86328125,0.9937702114611121,9.404964243738934,1.4315531099227918,0.7354384660720825
0.7407472729682922,62606.828125,0.9842150023109348,9.443380152552411,1.4489843690780653,0.7046191692352295
0.7305763959884644,45935.1953125,0.9816927625699619,9.494315897791669,1.4396469438461317,0.6805628538131714
0.6956760883331299,39574.390625,0.969733905438165,9.512517725794599,1.4376203859237684,0.673302412033081
0.6476772427558899,40788.0703125,0.9409615161186433,9.521676813929364,1.4235498750595106,0.6718900799751282
0.7492931485176086,37151.72265625,0.9860700378044596,9.533344065516278,1.395246728697206,0.6707767844200134
0.690814197063446,37579.83203125,0.9675679380084957,9.53690508541374,1.3941185319808973,0.6697126626968384
0.6946426033973694,34060.43359375,0.9692852622160472,9.544559275477216,1.4317610109237684,0.6768588423728943
0.6555674076080322,42001.25390625,0.9469687889346925,9.54995325741081,1.458880647459413,0.6799615025520325
0.6600185036659241,40816.5078125,0.9501090795980066,9.550067698328778,1.4952471101669325,0.6921852827072144
0.8086951971054077,35864.40234375,0.9942061422640025,9.525874888270184,1.5125477159408582,0.7057070136070251
0.6884281039237976,46315.98046875,0.9664522046536215,9.250390803187177,1.4819347703842176,0.7533993721008301
0.7599504590034485,26332.154296875,0.9880871427840323,8.765775477259442,1.3851139390853895,0.7819049954414368
0.5669323801994324,28919.0703125,0.8391048959983967,8.397147929041669,1.2964012468246473,0.8104923367500305
0.7041024565696716,46039.8515625,0.9731668000301485,7.538398539393231,1.0905048692611707,0.880558431148529
0.7087686061859131,55144.09765625,0.9749048294174658,7.163400446741864,0.9995539033798231,0.8974347710609436
0.7379928827285767,61844.50390625,0.9835674072281408,6.490030085413739,0.8402244890121473,0.9050608277320862
0.7848834991455078,78355.28125,0.9917531030226868,6.237876688807294,0.7769005144027723,0.8915066719055176
0.7596282362937927,63788.01953125,0.9880305759464727,6.046726023524091,0.7354280794052137,0.8729760050773621
0.7654678821563721,62684.4296875,0.9890160490864479,5.78392199215202,0.6878082597641004,0.8033503890037537
0.7632859945297241,97525.1171875,0.9886575236991423,5.6738031261852235,0.6753284776596082,0.7804886698722839
0.7723048329353333,102222.2265625,0.9900689432785649,5.283400332300946,0.641481622496034,0.7664235234260559
0.7962748408317566,118000.9296875,0.9930333944340981,4.812624728052899,0.5838978135971082,0.7725186944007874
0.7083991765975952,115889.4140625,0.9747712434866613,4.360246455042645,0.5175411546615614,0.8066073060035706
0.7467976212501526,127033.6484375,0.9855515110448554,3.9103210323741884,0.44608281497039926,0.8365169167518616
0.7053784728050232,185482.34375,0.9736531719115924,3.0825059765270204,0.2926971757797254,0.8563326001167297
0.6865764260292053,147670.53125,0.9655615802455244,2.7371366375377626,0.22992442492523324,0.8314452767372131
0.6551457047462463,162153.53125,0.9466621894457052,2.312602793543622,0.16199897173919808,0.7571426630020142
0.7818284630775452,130053.7421875,0.9913719524910816,2.1924417370250673,0.1487281167892469,0.7236705422401428
0.8427214026451111,232232.609375,0.9965087047634442,2.0808132046153993,0.13628075961151254,0.6599575281143188
0.8681497573852539,296752.34375,0.9976114310957607,2.0631139629772157,0.13767264727630746,0.6449410319328308
0.854570209980011,338468.5625,0.9970744320489744,2.062466418116376,0.13339589480438363,0.6369257569313049
0.8582388758659363,373687.84375,0.9972303533389937,2.07128885921745,0.14126037005462777,0.6389862895011902
0.8578342199325562,396623.40625,0.9972135692153911,2.0755699032237978,0.14890693072357308,0.6333386301994324
0.8331376314163208,408806.375,0.9959725631348856,2.094855105250165,0.19974301699676644,0.6306583881378174
0.8423653841018677,466414.34375,0.9964901197628165,2.0994689815929384,0.27029870394745004,0.6285654902458191
0.8354600667953491,463128.875,0.9961095553146062,2.061985766260907,0.5134780252365125,0.614458441734314
0.8344511389732361,451518.625,0.9960506203632895,2.0357339733531923,0.6382810914901746,0.6115478277206421
0.804713249206543,423756.84375,0.9938531891000224,1.9792106502941103,0.8447162950424207,0.6292420029640198
0.823628306388855,428392.71875,0.9953598742933376,1.9670884960582704,0.9007561052230848,0.6263615489006042
0.8142467737197876,446379.28125,0.9946649591196002,1.9233167522838563,1.0104114854721082,0.6393453478813171
0.8054352402687073,475018.4375,0.9939187280003656,1.8642766827037782,1.0996620500473036,0.6670211553573608
0.8385271430015564,465155.15625,0.9962834013268911,1.6754739635875673,1.4141247117904676,0.7487791776657104
0.8239796161651611,419177.34375,0.995384074184733,1.5375154369762392,1.6451675737289442,0.7886993288993835
0.867080807685852,397028.71875,0.997572979670297,1.3895919674327821,1.8770916307357801,0.808377206325531
0.8137710690498352,336565.4375,0.9946270965342956,1.1170776241710634,2.2901079500106825,0.78271484375
0.788744330406189,406523.25,0.9922111110707317,0.9609763973644228,2.543099626341249,0.7381144165992737
0.7893387079238892,406674.28125,0.9922793559257646,0.8692357891490907,2.6700165117172254,0.7124972343444824
0.8062255382537842,429363.0,0.9939896747632901,0.797689234583661,2.750166162290956,0.6882694959640503
0.766868531703949,352538.59375,0.9892403165758222,0.6716955059459657,2.8877832734970106,0.6470069289207458
0.8175585865974426,262175.84375,0.9949213251487745,0.5368163937023134,3.0256187761215223,0.6660149097442627
0.619513750076294,168262.703125,0.9143552502532324,0.42087820705680556,3.1397831285385145,0.6973001956939697
0.32667624950408936,35763.83984375,0.4414886031546627,0.07562807735709853,3.4797212922958387,0.7433736324310303
0.6112367510795593,128414.8203125,0.904829543038282,1.434803212315753,4.951106294432069,1.2099010944366455
0.7040281891822815,140661.5,0.9731382299250385,1.464945042760089,4.963606103697206,1.1811842918395996
0.7544953227043152,132551.296875,0.9870932071221115,1.485004628331378,4.974036439695741,1.1618763208389282
0.7333173751831055,136991.453125,0.9824085745671418,1.5110628253528624,4.989017709532167,1.15288507938385
0.7809169888496399,139746.1875,0.9912549098984313,1.5131351596424132,4.996008142271425,1.1536340713500977
0.7836363911628723,129016.125,0.9915995597134803,1.5167419559070616,5.002256616392518,1.1538180112838745
0.7753692269325256,121051.2734375,0.9905080425876688,1.5279047137805968,5.021167978086854,1.1314538717269897
0.7986305356025696,107840.09375,0.9932725519912207,1.5337698108264952,5.031552537718202,1.1248679161071777
0.8000679016113281,115139.9140625,0.9934144716223581,1.5973789340564757,5.046679719725038,1.1418219804763794
0.7460387349128723,121151.125,0.9853901276811428,1.7158920413562804,5.048720582762147,1.1717513799667358
0.6540198922157288,140486.5,0.9458358176829919,2.3192970401355772,5.001974328794862,1.1909478902816772
0.7415322065353394,118830.9375,0.9843949597142511,2.769695485264972,4.9526235902694715,1.1902258396148682
0.7770679593086243,110767.2890625,0.9907431671950953,3.272799695164874,4.892358049192811,1.1939489841461182
0.7968955636024475,104262.703125,0.9930972155708795,4.255437100560382,4.774671777525331,1.2160123586654663
0.819175124168396,94760.21875,0.9950419867436231,4.664848530919269,4.735738023558046,1.210042953491211
0.7623226642608643,81567.8828125,0.9884956009515677,5.264383042485431,4.675510629454042,1.224220633506775
0.7626331448554993,82494.65625,0.988548034519865,5.52686902347298,4.6206838930038465,1.2567009925842285
0.8250632882118225,79849.3359375,0.9954579364800613,5.769852364690021,4.5512611711410536,1.2804347276687622
0.7596670389175415,83810.5625,0.9880374017379648,6.322544778020099,4.357629045286561,1.3186330795288086
0.7410330772399902,72374.265625,0.9842807596523256,6.591947281987384,4.239482148924257,1.3232625722885132
0.7829648852348328,65895.953125,0.9915157204825304,6.818103516728595,4.129794343748475,1.3186328411102295
0.7203924655914307,59214.625,0.978778130579022,7.143599475056842,3.9571983659652723,1.3003392219543457
0.7579900026321411,58435.296875,0.9877388866251674,7.221176827580646,3.9042246187118543,1.2857815027236938
0.71225506067276,53892.921875,0.9761326361717775,7.269413912923053,3.865443452635194,1.2802202701568604
0.7243082523345947,51409.2578125,0.9799482759894864,7.211377823979571,3.7722322786239637,1.3129578828811646
0.7264790534973145,59263.01171875,0.9805698812899459,7.052060330540851,3.6532413804916395,1.357732892036438
0.6806755065917969,56566.79296875,0.9625731426267405,6.8959507590839415,3.51789973620453,1.3946863412857056
0.6150745153427124,58263.20703125,0.9093490968773279,6.557458604008868,3.2263777101425184,1.4690032005310059
0.7161798477172852,58497.6015625,0.9774458961947525,6.351929391057208,3.0609934175399793,1.4474749565124512
0.6384449601173401,63774.05078125,0.9331691781208427,6.132646763951495,2.883730157652284,1.3987410068511963
0.7690172791481018,74845.1875,0.9895756557514177,5.6760317927906065,2.4802067125228895,1.324615716934204
0.7509994506835938,84344.6328125,0.9864140741713036,5.464194024235919,2.290365442076112,1.2990331649780273
0.7122759819030762,104260.5390625,0.9761398272109423,4.954395974309161,1.8708898866561903,1.287166714668274
0.6707232594490051,105380.3515625,0.9569793882980534,4.643746579320148,1.6283676469711317,1.3128142356872559
0.7013516426086426,120583.90625,0.9720890250606031,4.291890347630694,1.3615887010482801,1.3540092706680298
0.6400970816612244,150960.0,0.9346267813616496,3.6425721293994933,0.8611194932846082,1.436489462852478
0.8193052411079407,89033.09375,0.9950515743981998,3.311338627965167,0.6119892442611707,1.4660634994506836
0.6657939553260803,38025.953125,0.9539314028591934,2.806032860905841,0.25713179949798715,1.4418658018112183
0.30351945757865906,29959.748046875,0.4299211772807453,2.436269963414386,0.016427739897157068,1.3495744466781616
0.6435409784317017,49003.63671875,0.9375756838744697,2.256664479405597,0.21066118832549918,1.2642096281051636
0.8310107588768005,121490.4921875,0.9958429084895459,2.205020154149249,0.31826283093414176,1.216844916343689
0.7827892899513245,143050.15625,0.9914936612738352,2.1924430972644835,0.36119820233306754,1.1780650615692139
0.6886388063430786,193537.875,0.966552164902035,2.1902572757312804,0.3927180921646105,1.1107205152511597
0.8357707858085632,234881.1875,0.9961275288932558,2.1825763827869444,0.44916416760406364,0.9830533862113953
0.7990447282791138,258912.078125,0.9933137549876372,2.172882283360675,0.46375109311065543,0.9475933909416199
0.82045978307724,272735.96875,0.9951358453202459,2.1737434512683897,0.48394419308624137,0.926426112651825
0.8280032873153687,284612.5625,0.9956524690685048,2.1630127078601866,0.5007646238418566,0.8923928737640381
0.8442065715789795,316225.09375,0.9965851844998994,2.1420824176380187,0.5174386655899035,0.8885635137557983
0.8453343510627747,311273.71875,0.9966421454382801,2.098698819310382,0.5842478429885851,0.8807012438774109
0.8507320880889893,327976.96875,0.996901954130566,1.9763452655384093,0.8806040441604601,0.8715709447860718
0.8691845536231995,309208.0,0.9976480758625808,1.9140741473743468,1.0591976797195422,0.8836714029312134
0.7855339050292969,324485.6875,0.991832079321479,1.8391620761463194,1.267958894929503,0.9199219942092896
0.791816234588623,292714.53125,0.992557517771522,1.6729356891223937,1.7785394346328722,0.9579057097434998
0.7463908791542053,287834.84375,0.9854652314337804,1.5710584765979796,2.085604444703673,0.9635699987411499
0.6580450534820557,91935.375,0.9487382082895004,1.4968578464099913,2.34318949337921,0.9723224639892578
0.6944903135299683,102512.6640625,0.9692186225192727,1.4475366717884093,2.5598256742568957,0.9712224006652832
0.8066417574882507,318647.59375,0.9940267096559213,1.3840305453846007,2.9128954565139757,0.938596248626709
0.7729311585426331,342702.03125,0.9901602845717636,1.3597271091053038,3.003129259309386,0.9115502834320068
0.7600201368331909,283134.28125,0.9880993403958268,1.3304617053577452,3.069390073976134,0.8840290307998657
0.7776678204536438,284169.5625,0.9908248178164343,1.2606327182361632,3.1343019163223254,0.8738175630569458
0.7824786901473999,242115.03125,0.9914545035652718,1.223443234593585,3.144352689942931,0.862622857093811
0.7541701197624207,229659.953125,0.9870314575624288,1.1782495624134093,3.154327169618224,0.857611358165741
0.8000085353851318,243949.953125,0.9934086690948458,1.033842290074542,3.2088172590347277,0.8944488167762756
0.6787949800491333,217629.59375,0.9615709593703391,0.8969881183216124,3.2757818853469836,0.9265183210372925
0.7576952576637268,205954.0,0.9876856731306802,0.7131006366321593,3.3787882482620226,0.9512208700180054
0.6099202632904053,168232.296875,0.9032376011381171,0.21751805606575303,3.682110563478087,0.9670329689979553
0.8483471870422363,153874.953125,0.9967897236466225,0.2923906200817079,3.976682678422545,0.9428188800811768
0.6937321424484253,177160.765625,0.9688848185637874,0.6591737621715517,4.149600044450377,0.9359617233276367
0.7216306924819946,193896.78125,0.979155087601344,0.9783914440563173,4.238813892564391,0.9361355304718018
0.7217692732810974,180591.890625,0.9791968723738789,1.567790781824872,4.127164140901183,0.9690043330192566
0.6980021595954895,174850.359375,0.9707210683882026,1.777324473231122,3.9408602869125353,0.9978393912315369
0.7489787936210632,214866.5,0.9860057340540846,1.954021250574872,3.6865055715652453,1.0323138236999512
0.5071521997451782,127895.953125,0.7160770323078243,2.192401682703778,3.120643392762755,1.054405927658081
0.51424640417099,63598.671875,0.7319329807901576,2.309496676295087,2.6079814588638293,1.0190893411636353
0.7156235575675964,150852.25,0.9772640707393432,2.4020202511241884,2.1815712606521593,0.9605982899665833
0.7272473573684692,84940.390625,0.980785389613245,2.48825720485954,1.9991066610427843,0.938139021396637
0.7820718884468079,97539.59375,0.9914029487442259,2.545522486536786,1.935406461915587,0.917110800743103
0.7067789435386658,142516.375,0.9741772967721221,2.5887830608776063,1.891402498445128,0.9113542437553406
0.7386517524719238,168864.625,0.9837246278049037,2.6261012905528993,1.8691218053909289,0.9197037816047668
0.7568431496620178,178422.0625,0.9875305579726611,2.6936071270397157,1.8591773664566027,0.9322936534881592
0.7476505637168884,179346.0625,0.9857308212497066,2.7158210628917665,1.8639934217544543,0.9297810196876526
0.7201319932937622,189324.71875,0.9786980022964527,2.730733668177411,1.8728339826675402,0.920683741569519
0.700456976890564,191561.421875,0.9717297029535704,2.765631472437665,1.8585102712722765,0.9205561280250549
0.7264628410339355,196701.328125,0.9805653086404565,2.8158815258434267,1.7919204389663683,0.9242279529571533
0.7291028499603271,199046.859375,0.981296363511008,2.9211194866588563,1.661633268556212,0.8842213749885559
0.7769894599914551,202380.40625,0.9907324294085171,3.1567533367565126,1.3476503049942004,0.6309991478919983
0.7773768305778503,213829.125,0.9907852984086225,3.305063044398114,1.1851823484512316,0.4438384175300598
0.7782135009765625,274020.96875,0.9908984774994274,3.3667400234630556,1.1443898832412707,0.43045568466186523
0.7714109420776367,254781.84375,0.9899371356531019,3.400308405726239,1.1297724401565539,0.46821585297584534
0.8014786243438721,246137.9375,0.9935508807221387,3.4350736492565126,1.0921824133010851,0.507966935634613
0.822462797164917,241379.890625,0.9952786833397824,3.4628465526988954,1.0156576788040148,0.5352336764335632
0.8251984119415283,234180.015625,0.9954670637876424,3.510011469691083,0.888033643922423,0.5719135999679565
0.8050875663757324,225140.203125,0.9938872546139187,3.6347854488780946,0.5533363973709093,0.6235151290893555
0.7853336930274963,215560.828125,0.9918078481363973,3.712673937647626,0.36895062085113395,0.6266860961914062
0.7555357217788696,221364.8125,0.9872888327110441,3.782240664332196,0.1945946371170031,0.6073440313339233
0.7233670353889465,217729.0625,0.9796728317157404,3.805128847925946,0.1063520753768934,0.5945034623146057
0.7824185490608215,241158.921875,0.9914469009984863,3.6821391933849306,0.22919438723602426,0.5997787714004517
0.8096665143966675,261817.40625,0.9942891477627546,3.4787042492320985,0.3207714403060926,0.6094469428062439
0.8269944190979004,236659.03125,0.9955866650621866,3.165851389735028,0.39385102633514535,0.624602198600769
0.8169803619384766,210113.0625,0.9948774620504894,2.83338717159538,0.4581301057724012,0.6278124451637268
0.6616808176040649,184737.125,0.9512378623408927,2.739612376063153,0.47536538485565316,0.6237901449203491
0.7706761956214905,202694.84375,0.9898275081375202,2.6734788769176454,0.48787473086395394,0.617540717124939
0.8282701373100281,226724.171875,0.9956697110232048,2.60867956814079,0.48741744402923715,0.5964716672897339
0.851239025592804,244378.578125,0.9969253022603899,2.613473688929364,0.48959754351654183,0.5878375768661499
0.8307952880859375,253283.171875,0.9958295443193003,2.634868418543622,0.4905054414657606,0.5791292190551758
0.8313376903533936,268072.71875,0.9958631046314744,2.711033617823407,0.5888521516708387,0.571890652179718
0.8082532286643982,261604.125,0.9941679787280429,2.7526271694591493,0.7542507493881239,0.5916101932525635
0.8398124575614929,256544.265625,0.9963539387158424,2.81772497829704,1.1400854432968153,0.6205036640167236
0.8017605543136597,252835.0625,0.993577804830866,2.848043238489911,1.3904850328353895,0.6400166153907776
0.84917813539505,259963.4375,0.9968292787779219,2.885056292383954,1.641638978758241,0.6547045111656189
0.8698113560676575,277109.0,0.997669999642119,2.926189219324872,2.0174705827621473,0.6808728575706482
0.8072912693023682,249531.078125,0.9940840519022556,2.9174058788707704,2.2214557969955457,0.7156717777252197
0.7581416368484497,198869.546875,0.9877661750195792,2.8925884121349306,2.489386781492616,0.7294977903366089
0.6717673540115356,87523.6796875,0.9576006624842226,2.832141672938153,2.907514795103456,0.7111483812332153
0.7112683653831482,154308.234375,0.9757911207574272,2.5837924831798524,3.989266618528749,0.6480822563171387
0.7177951335906982,186545.1875,0.9779659718826869,2.4699123257091493,4.45575545672455,0.664286196231842
0.6660029292106628,182296.3125,0.9540645454200507,2.387565409510419,4.839015229978944,0.6772319674491882
0.7865040302276611,150533.875,0.9919484938414341,2.2876127117565126,5.249403222837831,0.7026861906051636
0.7797725200653076,136547.515625,0.9911057312989666,2.2469413631847353,5.310950502195741,0.7338703274726868
0.7689242362976074,119475.28125,0.9895613502264433,2.1992690914562196,5.290985330381776,0.772250771522522
0.7737100124359131,119241.0703125,0.990272718355236,2.119938647120282,5.202813371458436,0.8160045146942139
0.7527543306350708,117356.78125,0.986759244241518,1.8108289593151063,4.871674760618593,0.961428701877594
0.770679771900177,124010.8671875,0.9898280445655587,1.568086420862958,4.5924293840316786,1.0234973430633545
0.7559614181518555,137044.703125,0.9873680372102992,1.2991760128429384,4.2726871812728895,1.0367568731307983
0.8117154836654663,99950.5546875,0.9944604024529224,1.0674932354381532,3.9900963151840223,1.0112124681472778
0.3265289068222046,26237.634765625,0.44140332929536635,0.6597993725231142,3.486001237669374,1.0638567209243774
0.5153339505195618,45732.5390625,0.734350083214241,0.6341159695079774,3.4740393007186903,1.0930092334747314
0.6934798359870911,54777.234375,0.9687729773769178,0.6057269924571962,3.4938452089218153,1.1243054866790771
0.7108645439147949,53199.27734375,0.9756500039904046,0.6023996227672548,3.52139209155121,1.1369068622589111
0.6691868901252747,54866.68359375,0.9560499086641091,0.6181457394054384,3.539221986570741,1.142407774925232
0.7225151658058167,62095.4140625,0.979420389806402,0.6200254314830751,3.5508081758407606,1.1423008441925049
0.6474245190620422,57360.87890625,0.9407594243195099,0.628159319727704,3.539670213499452,1.0411361455917358
0.6813158988952637,62337.31640625,0.962908820958355,0.6323507183483095,3.5332767808822645,0.9365229606628418
0.7088817954063416,74873.6953125,0.9749456231452254,0.638469492762372,3.5070135438827528,0.8849665522575378
0.7115082144737244,79864.53125,0.9758745656288214,0.633957659571454,3.493908151426698,0.9238585829734802
0.717340886592865,73692.0390625,0.9778208945230114,0.6305721157482118,3.484226449766542,0.9561635851860046
0.700014591217041,67096.59375,0.9715504081419062,0.626262461512372,3.4797813737777723,1.0112402439117432
0.6268324851989746,55830.45703125,0.9221036664934128,0.5214803570201845,3.469505533018495,1.1386610269546509
0.6643743515014648,52748.515625,0.9530175354095038,0.37322119411735244,3.4793751085189832,1.2072123289108276
0.42770329117774963,41908.421875,0.5515988200927514,0.17258433040885635,3.5078718507675184,1.2557896375656128
0.4312569200992584,47420.46484375,0.557717170008551,0.41255875888557725,3.5910446489242567,1.2529866695404053
0.39276766777038574,55519.17578125,0.5000794359682226,0.7082445270130187,3.624020799436952,1.24284827709198
0.5583056211471558,55341.57421875,0.8234192217168866,0.9733402377674132,3.656512483396913,1.2136931419372559
0.876309335231781,85876.5390625,0.9978856246074863,1.3157741672107726,3.69447444323578,1.0797141790390015
0.9178234338760376,85317.53125,0.9988638075661772,1.394611561925128,3.695709451475526,1.0437079668045044
0.9164918661117554,84326.25,0.9988409299345473,1.445465291173175,3.6859791124252332,1.0474274158477783
0.9088988304138184,75022.015625,0.9987014080816272,1.4669410831043272,3.67982600573578,1.081958293914795
0.8029450178146362,67092.421875,0.9936897105707991,1.5076915866443663,3.63323233965912,1.1614161729812622
0.7580629587173462,62695.109375,0.9877520233763828,1.5694076663562804,3.562251313963319,1.202133059501648
0.6797303557395935,53710.1171875,0.9620725331634201,1.6730510837146788,3.47010920886078,1.2344797849655151
0.7036039233207703,58893.6640625,0.9729744613182103,2.0078146106311827,3.197387918272401,1.2143265008926392
0.510155975818634,42993.1171875,0.7228068553817918,2.5667650348255187,2.797057374754335,1.0940897464752197
0.6436131596565247,45762.28515625,0.9376362139855607,2.6072170383045226,2.770972474851991,1.1225026845932007
0.6560845375061035,40304.6015625,0.9473425956826335,2.6295816546985655,2.7612173402694715,1.17548406124115
0.3770979046821594,42934.88671875,0.4819805029963088,2.6627823955127745,2.7577307069686903,1.2816919088363647
0.3189988434314728,40027.71484375,0.4372558065337741,2.9132520801136046,2.6360313737777723,0.891289234161377
0.5734809637069702,49451.77734375,0.85040487872427,2.91780968967171,2.6440536821273817,0.8676573038101196
0.6976288557052612,54865.98046875,0.9705647251230566,2.914625847966388,2.6501972520736707,0.9009807705879211
0.6704142689704895,48969.09765625,0.9567939228475735,2.9046222812244444,2.654700502195741,0.9559541344642639
0.640631377696991,42270.9453125,0.935092165163171,2.92800256076546,2.6616384828475965,1.0214711427688599
0.4337061047554016,45900.5390625,0.5620253262007417,2.9367081767627745,2.6731808030990614,1.0204986333847046
0.3793518841266632,38144.88671875,0.4844030557280403,2.937615597874835,2.676226838865663,0.9999828338623047
0.4410395622253418,49224.92578125,0.5753592777783624,2.9367787486621886,2.6550228441146864,0.8075047135353088
0.6866512298583984,43117.26171875,0.9655979860976599,2.9315764552661925,2.6516668641952528,0.6872159838676453
0.7088386416435242,59091.39453125,0.9749300778876533,2.927835667760089,2.652975305357362,0.5602105259895325
0.7954063415527344,71952.0078125,0.9929431177309334,2.917082036168292,2.6567957246688856,0.37216880917549133
0.8286499977111816,88317.2265625,0.9956941378746142,2.914264882237628,2.6592304551986707,0.40989384055137634
0.8263149261474609,97858.171875,0.9955417885344677,2.9275500423023253,2.6586763704208387,0.4840635359287262
0.8700417876243591,84530.2421875,0.9976780082070342,3.0706197864124327,2.5701067293075575,0.6674346327781677
0.7143477201461792,66782.2265625,0.9768417260657816,3.2134182101795226,2.4565489137557996,0.7487576007843018
0.6854835152626038,59461.7265625,0.9650255359127637,3.387150967747882,2.317505105772401,0.823170006275177
0.4683994948863983,40520.671875,0.6302008861673334,3.5761005527088194,2.1728403413681043,0.8819205164909363
0.4548766016960144,39120.22265625,0.6021786966559175,3.9314143306324034,1.9006740892318739,0.9157399535179138
0.6879191398620605,47734.3046875,0.9662095843264553,4.097787583501056,1.766582711973573,0.8747130036354065
0.8254046440124512,69498.9765625,0.9954809592180704,4.247507298619464,1.6284696901229871,0.7895540595054626
0.8103893995285034,117218.8671875,0.9943501576374506,4.416818822056964,1.4468042695907606,0.5394076704978943
0.7350048422813416,116657.9609375,0.9828356825094524,4.4452516681263,1.4113914811996473,0.4763016104698181
0.7398839592933655,116323.1015625,0.9840147433386058,4.454004967839435,1.3876097047714246,0.4307747781276703
0.7503507733345032,115890.90625,0.9862842723425105,4.443189347417071,1.3673040712265028,0.422480046749115
0.8242282867431641,113403.5078125,0.99540112806071,4.423755372197345,1.3599788988021864,0.4578121602535248
0.7951571345329285,113791.546875,0.9929170009892571,4.408508980900958,1.3336584413436903,0.5126450061798096
0.8551225066184998,93902.7421875,0.9970984519262595,4.4071414119312315,1.2764446580795301,0.584770143032074
0.8226554989814758,81213.515625,0.9952922038013488,4.486908162266925,0.918189271726991,0.7036829590797424
0.7903358340263367,90642.7734375,0.9923925202095443,4.566022599370196,0.5629303300766004,0.7277929782867432
0.6681875586509705,127959.3203125,0.9554354367532714,4.635473454625323,0.1224205339340223,0.720522403717041
0.8569755554199219,92839.1953125,0.9971776178659864,4.7352640277454405,0.6268904363723742,0.6956694722175598
0.6948419809341431,48414.43359375,0.9693723004653381,4.816381180913165,1.0517385160537707,0.7190889716148376
0.7174292802810669,104491.4375,0.9778491974886495,4.892836774022296,1.3866875326248156,0.7367965579032898
0.6796863675117493,139825.0,0.962049082898301,4.993607724339679,1.7322728788467394,0.7736751437187195
0.7271862030029297,122587.6796875,0.980768320885705,5.029687607915118,1.8041584646316515,0.8010851144790649
0.8493796586990356,105544.8515625,0.9968387984951712,5.0541607982227355,1.8446386015029894,0.8288046717643738
0.867721676826477,97987.7109375,0.997596105893412,5.0787579661914855,1.866737142762755,0.8489741086959839
0.8602340221405029,93993.6796875,0.9973116471873378,5.115289414555743,1.856919542512511,0.7058203220367432
0.8121948838233948,100512.0390625,0.9944997309624198,5.123623097569659,1.8452828085037218,0.548214316368103
0.8187069892883301,96821.6484375,0.9950073396571498,5.1345793849536925,1.8340113317581164,0.40229225158691406
0.806415855884552,100628.3984375,0.9940066372088885,5.1467840320179015,1.812807813844298,0.23952606320381165
0.7684553861618042,110441.828125,0.9894889696389279,5.159259045750812,1.7921979581924425,0.17851535975933075
0.7319434285163879,118965.625,0.9820532243935586,5.177566254765704,1.7729909574600207,0.13383063673973083
0.759969174861908,119475.6484375,0.9880904203422227,5.243467057378009,1.76620031949005,0.05599825829267502
0.7603800296783447,123494.3984375,0.9881621476192226,5.269127572209552,1.771533743104552,0.027222521603107452
0.7341939806938171,118727.34375,0.9826317195888947,5.291425431401446,1.7753575002761828,0.012789200991392136
0.7152929306030273,124947.65625,0.9771553378139144,5.303389752537921,1.7786066686721789,0.025641538202762604
0.7732509970664978,116772.78125,0.9902066096330819,5.3086306697437315,1.7933828985305773,0.12947791814804077
0.7941167950630188,111667.8515625,0.9928069386970977,5.298582757146075,1.8095162069412218,0.13782863318920135
0.7834283113479614,107578.265625,0.9915736681193172,5.29450007739754,1.8198859846206652,0.11000102013349533
0.7700979113578796,112553.0859375,0.9897404008326727,5.292722428471759,1.8239128744216906,0.06607246398925781
0.7691556215286255,113776.6484375,0.9895968905764866,5.3052994853565245,1.8280108129592882,0.007027968764305115
0.769742488861084,107838.03125,0.9896865000958771,5.300764287144855,1.8330977117629992,0.01629713550209999
0.7628167867660522,119396.6015625,0.9885789373714433,5.295697892338946,1.8410947477432238,0.015471817925572395
0.7662668228149414,123411.1953125,0.9891445290063464,5.286468232304767,1.8435843145462023,0.009462239220738411
0.786368191242218,123072.78125,0.991932292307032,5.2724978572437315,1.8415892278762804,0.038220811635255814
0.7974115610122681,116074.1015625,0.9931498290022049,5.2407195216724425,1.833944574555968,0.0877186730504036
0.7730002403259277,127825.640625,0.9901703085095868,5.147689068944171,1.817237631044005,0.13345234096050262
0.7012203931808472,123429.96875,0.9720365849238435,4.958419526250079,1.7852957403274523,0.18556424975395203
0.706953227519989,148297.78125,0.9742418215396859,4.451124871403888,1.6969673788162218,0.24619364738464355
0.5840798020362854,183726.234375,0.8675392606548369,4.051107609898761,1.6526463186355578,0.2894214689731598
0.695769190788269,137287.234375,0.969774015841165,3.2523166781971007,1.6022288953872668,0.39865314960479736
0.7724512219429016,90655.921875,0.9900903665465122,2.858546460301593,1.6180861150833117,0.4662186801433563
0.7754068970680237,74072.984375,0.9905133197421022,7.784810816614911,1.0388858472915636,0.33776339888572693
0.7567268013954163,63138.74609375,0.9875092304334178,7.79930285152702,1.0497071897598254,0.329145222902298
0.7152054905891418,59653.828125,0.9771264981047751,7.8160760754039735,1.0582401907058703,0.33426639437675476
0.7192572951316833,48918.67578125,0.9784267838962144,7.83128527340202,1.082017198762511,0.359985888004303
0.7356016039848328,51005.0,0.9829843041376078,7.842550074427411,1.0879023229690539,0.3769418001174927
0.7278719544410706,52062.4375,0.9809588834576703,7.841636454432294,1.0922591840835558,0.38295644521713257
0.6693783402442932,49241.78515625,0.9561667339878591,7.8279683941295595,1.1192715322586047,0.36842676997184753
0.7157345414161682,57018.5390625,0.9773004582965705,7.824212824671552,1.1215341245742785,0.33238765597343445
0.7160037755966187,50279.0390625,0.9773884980381238,7.829124247401044,1.0447476064773547,0.2818681001663208
0.6617667078971863,52070.3203125,0.9512955484890905,7.838510310023114,0.9459493314834582,0.2583279609680176
0.7408483624458313,51333.3359375,0.984238291332689,7.8430745953014345,0.8283441221328722,0.24454087018966675
0.7904312610626221,67111.5390625,0.9924032640325027,7.839824473231122,0.7066204702468859,0.24086406826972961
0.772489070892334,55165.98828125,0.9900958981434226,7.833650385706708,0.6800677930923449,0.2494930922985077
0.7201591730117798,48633.01953125,0.9787063771016341,7.8236959331920595,0.6428449308486925,0.26890304684638977
0.7196973562240601,54296.890625,0.9785636470165546,7.80329683956413,0.5634901678176867,0.30264198780059814
0.6747685670852661,49126.34765625,0.9593405987759502,7.803144251673505,0.5261371290298449,0.32179319858551025
0.6849172115325928,51590.3828125,0.9647447091155967,7.809213435023114,0.44794489499053824,0.3440554738044739
0.7456116676330566,73962.171875,0.9852985368571556,7.871030604212567,0.05832837466278207,0.318899005651474
0.7837550044059753,84626.1640625,0.9916142837725206,7.920364176600263,0.4928772294906629,0.28073909878730774
0.6589944362640381,75345.421875,0.9494019156624267,7.9929254406383485,1.0592081392196668,0.24400490522384644
0.673698365688324,52903.92578125,0.9587278853740759,8.066003596155927,1.5599329317001356,0.25692614912986755
0.795211911201477,80934.0859375,0.9929227497257799,8.152393137781903,2.2631189668563856,0.30240803956985474
0.7930181622505188,77338.203125,0.9926888749649638,8.179034983485028,2.460252031126405,0.32088494300842285
0.7649663686752319,70734.6875,0.988934638130225,8.202827250330731,2.5629608476547254,0.32144516706466675
0.7431645393371582,75274.0546875,0.9847628237770509,8.212095057337567,2.655735238829042,0.30422282218933105
0.7887814044952393,63342.1875,0.9922153851679834,8.217357432215497,2.701112970152284,0.3138325810432434
0.7766976952552795,63793.234375,0.9906924118272853,8.222982203333661,2.791938051023866,0.300738662481308
0.7383977770805359,71041.5,0.9836641977251923,8.245342051356122,3.0891258561996473,0.26360321044921875
0.7444337606430054,66139.6953125,0.9850430069727307,8.266132151453778,3.212542756834413,0.2500879764556885
0.6962697505950928,68806.2578125,0.9699888054891501,8.277776514857099,3.302044137754823,0.23727849125862122
0.8016029596328735,76646.609375,0.9935627683834581,8.278884684412763,3.3491461122421278,0.2328382283449173
0.8041037917137146,72471.078125,0.9937973217342051,8.263322626917645,3.3732569063095106,0.25941017270088196
0.7906135320663452,65101.7890625,0.9924237437291177,8.236013209193036,3.373220666685487,0.2921047806739807
0.7615270614624023,70335.2578125,0.9883601638870323,8.206676279871747,3.3634626710800184,0.3187980353832245
0.7619006037712097,67248.4609375,0.9884239462892922,8.18038538631706,3.35475276354828,0.3287747800350189
0.7492799162864685,75022.40625,0.9860673368779391,8.137658869593427,3.3400680864242567,0.29279202222824097
0.7216060161590576,71700.4453125,0.97914763873123,8.116033350794599,3.2961876237777723,0.30611181259155273
0.742408037185669,80416.859375,0.9845933997545506,8.087228571741864,3.1822616899398817,0.3461855351924896
0.7573710083961487,84267.0625,0.9876268716945149,8.054708277552411,2.944814904966737,0.3781803250312805
0.7690571546554565,76495.1328125,0.9895817807946935,7.968498026697919,2.2219106996444715,0.4660848379135132
0.6988734602928162,73103.8046875,0.9710829175276077,7.915496622889325,1.846921190061952,0.5222552418708801
0.7896803617477417,75337.71875,0.9923183162513822,7.837175165980145,1.3007728898910536,0.6115642786026001
0.7929949760437012,65643.03125,0.9926863627630425,7.782876765101239,0.9026939714340223,0.6777880191802979
0.7547982931137085,63404.35546875,0.9871504763715843,7.734628474085614,0.5155575120834364,0.7217220664024353
0.8436664342880249,77337.7265625,0.9965575644562484,7.612949168055341,0.4648635542007433,0.6760223507881165
0.8367987871170044,99848.140625,0.9961864078089543,7.506398951380536,1.2055747663589464,0.5759871006011963
0.8334607481956482,100581.5625,0.9959919058092985,7.391971384852216,2.0797841703506457,0.48946812748908997
0.7892007827758789,94688.796875,0.9922635724939455,7.2697103374889345,3.06909920330963,0.41064921021461487
0.8255890607833862,92117.90625,0.9954933489839967,7.140815531580731,4.143846527299498,0.3546977639198303
0.772805392742157,62114.27734375,0.9901420098205622,6.861413752405927,6.364606395921324,0.40847909450531006
0.7974904179573059,73714.3359375,0.9931578346172856,6.764520441859052,7.172198966703032,0.46699243783950806
0.2799333333969116,18859.984375,0.42132213959098413,6.59461764034538,6.658452466687773,0.4505312144756317
0.7918820977210999,56519.27734375,0.9925647758418974,6.609514033167645,6.68084783907852,0.5217807292938232
0.6995439529418945,51836.5234375,0.9713584768261442,6.61597994503288,6.685591772756194,0.555615246295929
0.6470029354095459,47486.65234375,0.9404209317697343,6.626495158045575,6.689283446035002,0.5855103731155396
0.6708517670631409,47935.08203125,0.9570563059486978,6.630388056605145,6.684011713227843,0.5821092128753662
0.741813063621521,44763.8671875,0.9844588639597136,6.626107966273114,6.678271905145262,0.5375784039497375
0.7168808579444885,48005.53125,0.977673034663884,6.6130979412487,6.667391852101897,0.4931778311729431
0.703102707862854,50633.2578125,0.9727797639508866,6.584806238978192,6.651519015988921,0.4710453152656555
0.7050825357437134,48247.98828125,0.9735411258548723,6.564016138880536,6.649803832730864,0.49813902378082275
0.7242814302444458,53000.6484375,0.9799404766985514,6.563226496546552,6.64675851222,0.524304986000061
0.283412367105484,17259.814453125,0.4224217061126181,6.624614512293622,6.601411060056304,0.5457125306129456
0.7320005297660828,42883.1171875,0.982068130345769,6.620256220667645,6.579094604215239,0.6061213612556458
0.692538857460022,44785.5078125,0.9683525057950968,6.60447863277702,6.5747594391914355,0.6033306121826172
0.7700009942054749,39511.06640625,0.9897257305988238,6.591987406580731,6.5718844091506945,0.5037387013435364
0.6314393877983093,39646.86328125,0.9266691279705717,6.581920420496747,6.562283650598143,0.44495055079460144
0.7439092397689819,37344.046875,0.9849278317730602,6.587117945521161,6.5428773319335924,0.43352824449539185
0.6821686029434204,42377.33203125,0.9633514234868573,6.607589518397138,6.520826832017516,0.5187498331069946
0.7040039896965027,39231.12109375,0.9731289142943969,6.597932612269208,6.506545320710753,0.5763998627662659
0.6036322712898254,36698.95703125,0.8953362564759841,6.590274607508466,6.482644931039427,0.6265925168991089
0.8228719830513,38790.20703125,0.9953073470743238,6.575042521326825,6.457999483308409,0.6741810441017151
0.789812445640564,37616.12109375,0.9923333263018379,6.544219767420575,6.4281524574371325,0.7025188207626343
0.7719507813453674,37249.82421875,0.9900169412495834,6.38218859371452,6.258838072976683,0.7674415111541748
0.6970193386077881,44927.51171875,0.9703077505754213,6.175866877405927,6.045514002999877,0.8077083230018616
0.6835647225379944,44034.9453125,0.9640654424046433,5.929984843104169,5.77610386963806,0.8351683020591736
0.7176492810249329,47453.0390625,0.9779194892690807,5.72462252315788,5.507617489060973,0.8672512173652649
0.6666127443313599,31030.146484375,0.9544510588958165,5.392106806605145,5.038656250199889,0.9481698274612427
0.6747013926506042,33007.16796875,0.9593023893470329,5.239991938441083,4.860675827226256,0.9971757531166077
0.7561396956443787,55569.9296875,0.9874010636286664,5.023032938807294,4.609470144471739,1.0877653360366821
0.7754753232002258,65570.546875,0.9905228980791543,4.870674883692548,4.407460943421935,1.1266173124313354
0.7513696551322937,77099.765625,0.9864876143106229,4.689675127833173,4.157383218965148,1.118573546409607
0.7186318039894104,76073.921875,0.9782308018758706,4.449115549891278,3.819355264863585,1.0689644813537598
0.7572125792503357,96230.921875,0.9875980412674836,3.701366221277997,2.6883981382461535,0.9506833553314209
0.7372865080833435,124049.1875,0.983397211605747,3.2008397930553407,1.9458906805129992,0.9343516826629639
0.8671477437019348,94665.03125,0.9975754054279787,2.747553622095868,1.2548849737258898,0.8963538408279419
0.7403069138526917,81126.875,0.9841131610803183,4.7063262111255675,6.006554826536561,0.5680006146430969
0.8324336409568787,71850.625,0.9959300986409645,4.699542248875812,5.992675050535585,0.5657307505607605
0.8347236514091492,70228.9609375,0.9960666256170747,4.699779713780597,5.984379037657167,0.580563485622406
0.790837287902832,74643.3984375,0.992448810088775,4.708967412144855,5.991789087095643,0.6604173183441162
0.7986634969711304,65149.046875,0.9932758400878976,4.721524918706134,6.004266008177186,0.6736701726913452
0.8517558574676514,72455.4921875,0.9969489258826308,4.737567151219562,6.01918147448578,0.6652429103851318
0.7863754034042358,69518.3984375,0.9919331533078182,4.748081887395099,6.035848840513612,0.6638027429580688
0.7489509582519531,61404.4375,0.9860000261617271,4.752632821232989,6.063297494688417,0.6553372740745544
0.8001828193664551,59195.49609375,0.993425689474881,4.750046456486896,6.076745256224061,0.6166146993637085
0.7874772548675537,56775.98046875,0.9920636354958906,4.744838917882159,6.079434617796327,0.5979838967323303
0.7041390538215637,58454.109375,0.9731808680669031,4.742461884648517,6.07878898028412,0.5839821100234985
0.720773458480835,60679.54296875,0.9788948114849163,4.734814847142413,6.083751901426698,0.585507333278656
0.7260551452636719,62524.3515625,0.9804499773093882,4.70533582034798,6.080256685057069,0.6656923890113831
0.780241072177887,63364.25,0.9911671065262841,4.687672818333819,6.073748811521913,0.6948635578155518
0.8053837418556213,63202.7265625,0.9939140762096612,4.684512818486407,6.071279748716737,0.7053995132446289
0.8050729632377625,63924.8984375,0.9938859291296626,4.67814847293587,6.072468980589296,0.7165760397911072
0.8314642310142517,69043.1875,0.9958708954748402,4.664742196232989,6.078536256590272,0.7325398921966553
0.7596660256385803,75239.234375,0.9880372235394845,4.6566531306812315,6.076125367918397,0.7424222826957703
0.8433074951171875,78478.296875,0.9965390872950162,4.638163293034747,6.06600879076996,0.7265953421592712
0.7162905335426331,78436.71875,0.977481907222601,4.617847645909503,6.059361680784608,0.708919882774353
0.8055604100227356,77842.0703125,0.993930019751752,4.585131371648028,6.055431588926698,0.6895915865898132
0.7637302875518799,79144.640625,0.9887314481759668,4.567500317723468,6.0718767488388075,0.6545991897583008
0.8316817283630371,65213.26171875,0.9958842523082063,4.565725529820636,6.077351793089296,0.648482620716095
0.7196442484855652,58535.62890625,0.9785471744802372,4.565927708775714,6.088285669126893,0.6578516364097595
0.7527098059654236,72213.2734375,0.9867505935232623,4.577785218388751,6.109394296446229,0.6479112505912781
0.733011782169342,81685.2421875,0.982330132415755,4.599202359349444,6.107298120298768,0.7358658909797668
0.8251346945762634,75611.296875,0.9954627620893013,4.639785969884112,6.112350686827089,0.7728423476219177
0.8383371829986572,72103.859375,0.9962728620220347,4.676442826420978,6.1173622453598036,0.7807062864303589
0.8327113389968872,67698.890625,0.9959469021528444,4.7025115138599425,6.112243875303651,0.7546307444572449
0.7586362361907959,66682.640625,0.9878547713668995,4.717053139836505,6.1028663957504286,0.7224318385124207
0.7430254220962524,63185.26953125,0.9847318042338665,4.727193558842853,6.110815271177675,0.6861098408699036
0.7515073418617249,62992.296875,0.986514866081829,4.737546170384601,6.1111061418441786,0.6716569066047668
0.7581010460853577,61331.84375,0.9877588760564181,4.746508324773028,6.101862176695253,0.6711731553077698
0.7251887917518616,64645.3125,0.9802026983818708,4.754388058812335,6.100617631712343,0.6832034587860107
0.7443971037864685,67996.5078125,0.9850349857467235,4.803722584874347,6.0838444078353895,0.7391515970230103
0.7040993571281433,69775.0234375,0.9731656082804097,4.909524644047931,6.049616082945253,0.7324203848838806
0.6021957993507385,75864.8828125,0.8934613747653841,5.122622216374591,5.9762441957382215,0.7158005237579346
0.5385729670524597,81030.640625,0.7844463628275927,5.4655730372974425,5.858015283384706,0.6808896660804749
0.7613431215286255,72891.171875,0.9883286296630218,6.2913858539173155,5.56504271868744,0.5782109498977661
0.8199616074562073,69175.0859375,0.9950996590950075,6.701816285283282,5.424715265074159,0.5261212587356567
0.7512133717536926,67408.0234375,0.9864566165813542,7.137679064900592,5.295974000730897,0.48706063628196716
0.6736698746681213,54047.296875,0.9587114573584221,7.549134219319537,5.167556031980897,0.43953657150268555
0.6502922773361206,55743.7734375,0.9430168200493978,8.37390943828316,4.8216678941635145,0.40025290846824646
0.5117257833480835,42348.03125,0.6095623485343142,8.904046977193072,4.524975045957948,0.4594041705131531
0.26605409383773804,36788.6484375,0.4174311491072141,9.619206333787158,4.088261827268983,0.560065507888794
0.5887438058853149,58038.37890625,0.8746191798004772,10.45362321499081,3.5334389055160536,0.6433616876602173
0.6423883438110352,45902.6875,0.9366020457596325,11.321961248547748,2.9092905366806043,0.6840519905090332
0.7176326513290405,28830.18359375,0.9779141834627094,12.997192109257892,1.5767061555770887,0.6609289050102234
0.7668879628181458,28754.953125,0.9892433959810212,13.75292440715523,0.915005906858827,0.6780059933662415
0.8605202436447144,27090.029296875,0.99732311301748,14.384949887425616,0.3482487047103895,0.7089885473251343
0.7054268717765808,24731.8671875,0.9736714533241704,14.951329911381915,0.21329285260162223,0.714769721031189
0.9092584848403931,24868.666015625,0.9987083798321306,16.14012118640633,1.7923500692459093,0.7107446193695068
0.6055346131324768,26094.8828125,0.8977790109817635,16.800235474736407,2.844994798860167,0.7425127625465393
0.4790961742401123,22810.564453125,0.6533479957096148,17.437877858311847,3.9582228815170275,0.7659522891044617
0.792542040348053,23437.111328125,0.992637116298489,18.079216683537677,5.1834075605484,0.7945263385772705
0.8555704355239868,19684.93359375,0.99711778853613,18.654685223729327,6.362844244203185,0.7951523065567017
0.6551179885864258,15686.8115234375,0.946641982437942,19.54137440982552,8.35824783202133,0.7222625613212585
0.8304986953735352,15007.365234375,0.9958110788826715,20.524687016637042,10.48572231884918,0.8056575655937195
0.8766269683837891,16603.734375,0.9978956393153322,20.525613034398273,10.487037197312926,0.7770748138427734
0.844071090221405,17066.91796875,0.9965782773801095,20.522902691991046,10.483944908341979,0.7507292032241821
0.8420450687408447,14796.015625,0.9964733144918483,20.52946683231087,10.48735739346466,0.7486653923988342
0.9455249905586243,15997.572265625,0.9992496357768754,20.54542847934456,10.501041189393614,0.7670485973358154
0.8160209655761719,15438.5537109375,0.9948038539047545,20.56497594180794,10.515843645295714,0.7878223657608032
0.8978871703147888,14502.4375,0.9984687769149032,20.576250279576495,10.529507652482604,0.7964656949043274
0.6856216788291931,14294.30078125,0.9650937313027392,20.567151272923663,10.537759319505309,0.7992873787879944
0.6713699698448181,15812.3017578125,0.9573651876375932,20.557561123997882,10.541876808366393,0.7768599390983582
0.8398635387420654,15289.3935546875,0.9963567143408454,20.512998784215167,10.553249851426695,0.7442048192024231
0.8506923913955688,15568.828125,0.9969001183576982,20.499344075352862,10.553326622209166,0.7418859004974365
0.7228505611419678,15322.521484375,0.9795201392828654,20.48947068515511,10.553817049226378,0.7447509169578552
0.9224447011947632,15175.6923828125,0.9989397650432755,20.477436268956378,10.540877357682799,0.7395200729370117
0.8142450451850891,14868.12890625,0.9946648219947656,20.47200890842171,10.525105491838072,0.7589873671531677
0.9512835741043091,16438.91796875,0.999311659612081,20.479109013707355,10.502839819154357,0.7870151996612549
0.8444255590438843,15534.318359375,0.9965963195719341,20.512371266514972,10.471622244081114,0.8096761703491211
0.8883201479911804,14678.607421875,0.9982331851332014,20.529321873814776,10.454962984284972,0.8197565078735352
0.9144973158836365,15938.7744140625,0.9988057986696757,20.543583119542316,10.431249157151793,0.818110466003418
0.7657613754272461,14721.8916015625,0.9890634190428778,20.569012845189288,10.404618755540465,0.7996379733085632
0.8739005327224731,14980.1484375,0.9978081151272855,20.587040150792316,10.38849641438446,0.7977269887924194
0.8544639945030212,14683.5244140625,0.9970697899804221,20.5957586413929,10.377066389283751,0.7913362979888916
0.874734103679657,15780.3818359375,0.9978352526109049,20.610861981541827,10.363574043473815,0.7745082974433899
0.6577795743942261,15315.0498046875,0.9485512062514493,20.6278688556263,10.3515303289505,0.7507941126823425
0.9414640069007874,14440.4755859375,0.9992025693031862,20.63473626437874,10.347364679536437,0.7279154062271118
0.9366350173950195,14398.7939453125,0.9991427497066009,20.603358472020343,10.34761597271881,0.7222155332565308
0.948971152305603,14525.451171875,0.9992873935496102,20.58535405460091,10.354678407868956,0.7178341746330261
0.8161632418632507,14607.869140625,0.9948148356730286,20.554928029210284,10.368027940950011,0.6922302842140198
0.9533410668373108,14716.0126953125,0.9993325556966947,20.522327626378253,10.401103035173033,0.6704361438751221
0.8730244040489197,16018.5224609375,0.9977792267405938,20.502304280430987,10.425122276506041,0.6573408246040344
0.8255524635314941,15841.388671875,0.9954908929156749,20.490283215672687,10.4286787664505,0.6450942158699036
0.8163037300109863,15330.7119140625,0.9948256568485967,20.48401948276253,10.422853008470153,0.6399998068809509
0.8955547213554382,14825.625,0.9984144003120475,20.459904873997882,10.410852447709654,0.607715904712677
0.842815101146698,15071.0068359375,0.9965135797362141,20.446298802525714,10.414727226457213,0.6168146729469299
0.8109990358352661,17644.578125,0.9944011074286809,20.45035477939339,10.415953413209532,0.6452484130859375
0.9338240623474121,17284.88671875,0.9991058865002719,20.468562329442218,10.416419998368834,0.6601988077163696
0.9040369987487793,17645.384765625,0.9986033949854248,20.482464993626788,10.417144075593566,0.6650155782699585
0.8193490505218506,15696.146484375,0.995054798330711,20.49465581241341,10.425494447908019,0.6645657420158386
0.9192577004432678,15245.173828125,0.9988879456965758,20.495699132115558,10.438523546418761,0.652651846408844
0.9286113381385803,15400.8447265625,0.9990332862817848,20.477639401585773,10.452451482972716,0.5990460515022278
0.8259961009025574,15036.6904296875,0.9955205761494385,20.45854398074837,10.455359951219176,0.5755335092544556
0.7353749871253967,15544.3642578125,0.9829280136058143,20.44542428317757,10.466588035783385,0.5644330978393555
0.9237717986106873,18946.70703125,0.9989606256934946,20.421476567418292,10.472542539796446,0.5600650906562805
0.9251797199249268,16384.6640625,0.9989823090478469,20.409157002598956,10.470291868409728,0.5736303925514221
0.8838322162628174,16736.314453125,0.9981105375869368,20.40384026828499,10.468851104936217,0.5883224606513977
0.7459304928779602,15325.23046875,0.985366966343914,20.40623399081917,10.470966354570006,0.6008336544036865
0.8444443345069885,15763.6201171875,0.9965972725869002,20.42102071109505,10.474670187196349,0.6103253364562988
0.7477458715438843,15468.1201171875,0.9857507220009569,20.385990346104816,10.464114443025206,0.5494594573974609
0.8894538879394531,13945.5615234375,0.9982628914595014,20.290902341038898,10.445450321397399,0.4977431297302246
0.8888853192329407,16232.767578125,0.9982480565687938,20.115334714085773,10.436256900987242,0.4348261058330536
0.7148207426071167,17295.802734375,0.9769991835427145,19.530957425267413,10.42053414936981,0.32858046889305115
0.900132954120636,17895.751953125,0.9985193745503135,19.168654645116046,10.404954210481261,0.3205168843269348
0.71348637342453,16804.255859375,0.9765523440243422,16.228724682957843,10.071949974259947,0.545282244682312
0.4658190906047821,15346.44140625,0.6247345602836755,14.376205409199908,9.712781921586608,0.5527231693267822
0.5477844476699829,17353.279296875,0.8031367772111966,13.55892320934029,9.527916685304259,0.5552207231521606
0.8794836401939392,20344.984375,0.9979836100632185,12.771229470402911,9.336422220429991,0.5339373350143433
0.8515002727508545,22143.537109375,0.996937266123882,12.007429326207355,9.14269723053894,0.5185577869415283
0.8129094243049622,22330.626953125,0.9945578367583721,11.185739780099109,8.919736400804137,0.5022701025009155
0.8056440949440002,23296.8984375,0.993937557507192,10.408394286663249,8.692663208207701,0.47972580790519714
0.5915059447288513,29790.453125,0.8786788905907976,6.465378487736896,7.502768792769526,0.5418084859848022
0.6615949273109436,44862.5703125,0.9511801139066723,5.188145840794757,7.1092150961967455,0.5122045278549194
0.735180675983429,42741.53515625,0.9828796037771502,4.009437287480548,6.748635247907256,0.4778674840927124
0.8129138946533203,117338.6171875,0.9945581983764801,4.912346636622235,3.8080885564895617,0.5482580661773682
0.808577835559845,89477.96875,0.9941960323969891,4.965014254420087,3.7632718240829455,0.5898677706718445
0.7747485041618347,96710.375,0.9904206693525978,5.001156603663251,3.7220475828262316,0.5763753652572632
0.7858176231384277,103203.671875,0.991866296039572,5.033617770045087,3.6802017843338,0.5590570569038391
0.7668220400810242,95236.3203125,0.9892329451270407,5.055466448633954,3.6374120866867052,0.5531413555145264
0.7751450538635254,99479.0390625,0.9904765787063012,5.064070498316571,3.6031458532424914,0.552213191986084
0.7727941870689392,100504.1796875,0.9901403799334747,5.06899336513786,3.5380754625411974,0.5246258974075317
0.7571966052055359,105298.828125,0.9875951307155348,5.081059252589032,3.4430153524490343,0.4929066002368927
0.7694013714790344,113176.1015625,0.9896345071551418,5.1325338238170595,3.213759676179503,0.48803290724754333
0.6804920434951782,133487.828125,0.962476454280105,5.2579963558605165,2.78726269360504,0.510374903678894
0.7288764715194702,132808.265625,0.9812347337812896,5.425937449305341,2.2178704893203722,0.5383942723274231
0.6612560153007507,116876.1796875,0.9509516373882696,5.589933192103192,1.6143043195816027,0.5564070343971252
0.7878549695014954,122295.1015625,0.9921078837960722,5.759942805140302,1.0229504263015734,0.5324628949165344
0.7842236757278442,137091.203125,0.9916722138450115,5.986575877039716,0.20798279400787223,0.46480879187583923
0.7799631357192993,119820.5078125,0.9911307503962181,6.037423884241864,0.006869539060975427,0.44095325469970703
0.8058951497077942,129899.8359375,0.99396011527796,6.071454798548505,0.15369103793182504,0.4256650507450104
0.797899067401886,111352.109375,0.9931991731129524,6.11094835933952,0.31691716555633676,0.4196685254573822
0.8141714334487915,114485.2578125,0.9946589802575818,6.183492457239911,0.6175329530624403,0.4383462965488434
0.8003210425376892,91514.71875,0.9934391572918798,6.302505289881513,1.0728847825912489,0.4796641767024994
0.7069265246391296,127775.4296875,0.9742319453909328,6.6018121593883485,2.314361795225526,0.5625595450401306
0.8264503479003906,93977.109375,0.9955507683385747,6.712785517542645,2.798961862364198,0.5430328249931335
0.7984737753868103,97767.21875,0.9932568924254563,6.786489283411786,3.158015474119569,0.5154510736465454
0.8264372944831848,86407.5546875,0.9955499035496668,6.821918284266278,3.4095489824203504,0.5067359209060669
0.812182605266571,84658.515625,0.9944987271270089,6.822612559168622,3.5643226945785536,0.49942776560783386
0.8310694694519043,73044.484375,0.9958465425225882,6.820014750330731,3.667100175657655,0.46779105067253113
0.8284391164779663,75343.609375,0.9956805941347812,6.806098734705731,3.7545482957748426,0.4759692847728729
0.8001413941383362,74581.5703125,0.9934216478751199,6.8014276379039735,3.767669900694276,0.5309022068977356
0.758296549320221,72788.5546875,0.9877939919535119,6.77043322262077,3.771014436521913,0.5856710076332092
0.780535101890564,71965.2421875,0.99120540798048,6.735963618128583,3.797473176756288,0.604232907295227
0.7469245195388794,74241.546875,0.9855783267915079,6.683389460413739,3.8673364961532606,0.5727171897888184
0.7923468947410583,69618.3203125,0.9926157978543153,6.614047800867841,3.956481202879335,0.5192802548408508
0.8032566905021667,65642.4609375,0.993718834775197,6.58445910152702,4.009794458189393,0.48360756039619446
0.7664010524749756,74404.5234375,0.9891659696411743,6.528280054896161,4.122731431761171,0.4101880192756653
0.7812733054161072,68443.21875,0.99130084965675,6.43470553097038,4.30958674792328,0.3507790267467499
0.7851918339729309,70632.625,0.991790636371866,6.325223719446942,4.55252002123871,0.325855553150177
0.857089638710022,75341.125,0.9971824208732594,6.144290720789716,4.897089227476503,0.34843042492866516
0.8015181422233582,76215.7421875,0.9935546613649038,5.607467448084638,5.8121111238388075,0.49066197872161865
0.802149772644043,66384.6015625,0.9936147922737355,5.396892344324872,6.210358842649843,0.5123865604400635
0.8156062364578247,65732.59375,0.9947717108251474,5.237770830958173,6.508593782225038,0.44297778606414795
0.8286300301551819,67953.9375,0.9956928572762821,5.13581637081413,6.687152131834413,0.18467849493026733
0.766202449798584,59239.75390625,0.9891342318658369,5.107687746851727,6.7426884019760145,0.02487519569694996
0.7425138354301453,57112.015625,0.9846172038825631,5.105582987635419,6.78119490984955,0.12174132466316223
0.7007394433021545,50962.94140625,0.9718436215762064,5.093052660792157,6.773095353880311,0.2374846339225769
0.6700069904327393,49718.578125,0.956548335196963,5.069597040980145,6.710881456175233,0.3154833912849426
0.7631731033325195,59779.16015625,0.9886386644423246,4.835288798182294,6.201953157225038,0.4101606607437134
0.8103656768798828,63921.75390625,0.994348165779634,4.59188154873161,5.6990530336288465,0.4641374945640564
0.7582702040672302,64647.828125,0.9877892656287213,4.3121908062389345,5.139523729124452,0.5206084251403809
0.8220072388648987,81311.328125,0.995246566800734,3.983693873255536,4.4812395418075575,0.6095882058143616
0.8199372887611389,84364.1484375,0.9950978858288118,3.6490390652111024,3.8276636445907606,0.694705069065094
0.8481061458587646,86441.296875,0.996778157943699,3.3433988445690126,3.2403709733871473,0.7693067193031311
0.2514708638191223,19606.607421875,0.4140867507925888,3.044438158839032,2.6474172914413465,0.8313968181610107
0.407888263463974,25915.5,0.5204439723721258,2.2700765484264345,1.0075428331283582,1.0012743473052979
0.5520625710487366,53692.296875,0.8115294166411298,1.5726631039073915,0.3870403921218859,0.944622278213501
0.8185897469520569,31590.50390625,0.9949986249094251,5.228769505650714,12.261029497346495,1.0904150009155273
0.8559491634368896,29138.107421875,0.9971340377424573,5.269355023534015,12.286369577607726,1.0641095638275146
0.7687474489212036,28605.001953125,0.9895341156479186,5.34700890842171,12.34754158612213,0.9504544138908386
0.8054271936416626,29646.427734375,0.9939180013783211,5.383561814458087,12.358996645173644,0.8744178414344788
0.7260110974311829,30800.326171875,0.9804374772817717,5.395424569279864,12.356187120637511,0.8232539296150208
0.7150365114212036,29765.9765625,0.9770706658197046,5.399578297764972,12.349714533052062,0.6998069286346436
0.6300965547561646,32229.072265625,0.9253626883803698,5.391871178776935,12.349820390901183,0.49659329652786255
0.7280262112617493,30448.484375,0.9810014973929618,5.385068619878009,12.34094692822418,0.4816097915172577
0.7300324440002441,30508.23046875,0.9815473903290496,5.38566275897713,12.328650251588439,0.45389091968536377
0.6699784994125366,33183.59375,0.956531107120939,5.381374562413409,12.311393991670226,0.4386034309864044
0.7434194684028625,28557.271484375,0.9848195071316491,5.373178208501056,12.293073908052062,0.42570170760154724
0.7779331803321838,30193.70703125,0.9908607109097787,5.337145531804278,12.268290296754454,0.37754425406455994
0.8520135283470154,28974.7890625,0.9969606360870116,5.316060746342853,12.249956384858702,0.23997175693511963
0.8549890518188477,30894.275390625,0.9970926658903099,5.304005826146319,12.221335188111876,0.09695854783058167
0.7913040518760681,24758.76953125,0.9925008362935763,5.2923199779102355,12.194875494203185,0.020508291199803352
0.797980546951294,26191.95703125,0.9932073859065897,5.263029301793292,12.156713262757872,0.030728522688150406
0.8721823692321777,23740.283203125,0.9977511051355423,5.264249051243976,12.149348512849425,0.08202404528856277
0.6877180933952332,27366.052734375,0.966113292730767,5.258129323155597,12.144805685243224,0.08173796534538269
0.8083932399749756,25636.65234375,0.9941800954141504,5.256256783635333,12.1379072820755,0.06036320701241493
0.6700628399848938,25288.22265625,0.9565820882723303,5.25787898364754,12.132890955171202,0.017361758276820183
0.7627402544021606,23888.064453125,0.9885660686136148,5.251535618931964,12.126094595155333,0.10456090420484543
0.8845192193984985,23384.71484375,0.9981298482335709,5.235177243382648,12.130386129579161,0.26025766134262085
0.808693528175354,27141.330078125,0.9942059986161046,5.211006844670489,12.131121889314269,0.41440799832344055
0.7516077160835266,25909.4765625,0.986534698883792,5.1802055484363585,12.13077379818878,0.5560685396194458
0.8212178945541382,26953.8984375,0.9951904046824054,5.1213748103687315,12.1390321409317,0.676609218120575
0.832510232925415,27112.248046875,0.9959347401106149,5.09985371890755,12.127997175416564,0.6809610724449158
0.8351410627365112,24942.6953125,0.9960910162477166,5.087046349675372,12.11921192761383,0.6987346410751343
0.7598907351493835,26903.34765625,0.9880766779520285,5.08134671512337,12.120431200227355,0.7374768853187561
0.7778148651123047,25055.810546875,0.9908447244643874,5.069395745427325,12.117385641297911,0.7709958553314209
0.8410578966140747,22411.10546875,0.9964210180815031,5.049930298955157,12.111286894044493,0.8040956258773804
0.8238680362701416,26045.1328125,0.9953764016175586,5.027992928654864,12.115450159272765,0.9123677611351013
0.792029619216919,24119.1171875,0.9925810072589085,5.034796918065265,12.157299295625304,1.2094625234603882
0.8745059370994568,24555.81640625,0.9978278579497852,5.048346722752765,12.185816541871642,1.2822809219360352
0.8730229735374451,23376.802734375,0.9977791792717005,5.055798257024005,12.192823187074278,1.2322583198547363
0.8558613657951355,24528.203125,0.9971302789467457,5.046391213566974,12.15563894864044,1.1406829357147217
0.7328163385391235,23490.8515625,0.9822797865980128,5.018047059209064,12.052296892366027,1.0393681526184082
0.830629289150238,28027.2421875,0.9958192194474531,4.957380974919513,11.856456533631896,0.9305232167243958
0.827531635761261,26718.0390625,0.9956218274339179,4.77331038776131,11.277025715074156,0.7794292569160461
0.7394767999649048,27106.341796875,0.9839194409301841,4.643151963383868,10.874290243348693,0.7757101058959961
0.5995563268661499,38194.9453125,0.8899478760938007,3.676516259343341,7.747423068246459,0.9181809425354004
0.7030579447746277,34629.421875,0.9727623108631867,3.2412707454273253,6.388242260179137,0.8546123504638672
0.74811190366745,55044.1328125,0.9858269000396764,2.9787590152332335,5.543361679277037,0.7789151072502136
0.7934468984603882,54404.94140625,0.992735174787789,2.7604057437488585,4.847450033387755,0.7038101553916931
0.7959160208702087,68701.1484375,0.9929962358577189,2.6011860019275694,4.324359909257506,0.6319764852523804
0.8292219042778015,129230.2421875,0.9957306564384897,2.4305698520252257,3.8046887075515734,0.5299126505851746
0.67708420753479,110491.6328125,0.9606375798217652,2.24666711154671,3.1937506353469836,0.31797629594802856
0.45206350088119507,48399.4921875,0.5965616603787095,1.6491663104602843,1.0675470983596789,0.2361299842596054
0.7611396312713623,385410.71875,0.9882936462191572,1.2804348117420226,0.2356550538925184,0.4691236913204193
0.8441261053085327,78269.90625,0.9965810838458377,0.9398729449817687,1.5283911073593153,0.6286459565162659
0.5928574204444885,40248.8125,0.8806291849544756,3.1392442828723937,13.319207414427186,0.46884363889694214
0.7369792461395264,32415.357421875,0.9833226457672767,3.57780143085213,13.549351915159608,0.47414153814315796
0.6140969395637512,34134.7265625,0.9082148750260731,3.8941528445789366,13.671130403318788,0.5518596768379211
0.7318700551986694,31307.533203125,0.9820340530645506,4.0959841853687315,13.718627198973085,0.6547457575798035
0.7156400084495544,32201.755859375,0.9772694679096591,4.2010442859241515,13.74519465807953,0.7490675449371338
0.6711406111717224,33114.06640625,0.9572287292383457,4.258664811284259,13.816567643919374,0.8893089294433594
0.76332688331604,26290.5,0.9886643468654679,4.2620465404102355,13.869452699461366,0.9308381676673889
0.7416062355041504,25567.515625,0.9844118285138383,4.256445134312823,13.921075090208436,0.951791524887085
0.6179810166358948,27365.265625,0.9126533535793003,4.236077035100177,13.954123719969179,0.9866216778755188
0.8498164415359497,23891.130859375,0.9968593341025741,4.199906552464679,13.992171510496522,1.0240336656570435
0.8059657216072083,26390.673828125,0.9939664413145081,4.172538006932452,14.026391252317811,1.0289820432662964
0.8134386539459229,24729.9609375,0.9946004807976494,4.148674214513019,14.072718843260194,1.001120924949646
0.8394168019294739,26048.19921875,0.9963323682583687,4.137543404729083,14.134347184934999,0.9869464039802551
0.8758471012115479,22274.126953125,0.9978709658105163,4.158683026463702,14.245402559080507,1.057614803314209
0.8893100023269653,25016.783203125,0.998259149139227,4.167514050633624,14.2791168535141,1.1272320747375488
0.8152474164962769,23625.078125,0.9947437419159619,4.166349614293292,14.279370530882264,1.1732988357543945
0.8019193410873413,24466.703125,0.9935929198611488,4.140986645848468,14.217950090208436,1.2074896097183228
0.7703166604042053,25648.74609375,0.9897734369731407,4.079073632390216,14.035300477781679,1.2581437826156616
0.8782706260681152,22706.755859375,0.9979467123141261,3.9876768237659483,13.780101045408632,1.3258239030838013
0.8044170141220093,24076.9921875,0.9938260964715531,3.8537375575611144,13.427420839109804,1.418411374092102
0.7998268008232117,25327.158203125,0.993390874670512,3.5918008929798155,12.77662776354828,1.5206964015960693
0.7842825651168823,23966.48046875,0.9916794648882143,3.451763356358722,12.446036561766054,1.505135416984558
0.6812394857406616,30947.0,0.9628689152494749,3.3686635142871886,12.254948838987733,1.498168706893921
0.6653659343719482,31476.017578125,0.9536575948222752,3.1964614039966612,11.856471284666444,1.4419361352920532
0.7513197064399719,20714.2265625,0.9864777148621025,2.2802450305530577,9.640584214964296,0.9890409708023071
0.6271020174026489,40454.1328125,0.9223773032001332,1.8550502902576476,8.625394090452577,0.8264321088790894
0.6913842558860779,48320.1953125,0.9678292723872568,1.406609738499835,7.535764917173768,0.7176118493080139
0.7467950582504272,47067.19921875,0.9855509689337094,0.9481918460437804,6.460456117430116,0.6440621614456177
0.7798247933387756,70513.53125,0.9911125992903322,0.5070469028064757,5.444336160459901,0.5988740921020508
0.8039672374725342,59742.609375,0.9937847354252716,0.10585423770637803,4.510495408811952,0.5421063899993896
0.844158411026001,90295.53125,0.9965827307695551,0.606548106043622,2.844125016966249,0.5307413339614868
0.7605268359184265,106187.6953125,0.9881876743538865,0.9538724773815126,2.041205629148866,0.6010051965713501
0.6269930601119995,46423.37890625,0.9222667853627561,1.3281219356945009,1.1857998216537489,0.7245762944221497
0.7703264951705933,50846.8671875,0.9897749197994599,2.1501148098400087,9.926032558641051,1.4013103246688843
0.6994709968566895,46726.42578125,0.9713286146616201,2.1877124660900087,9.966892496308898,1.3978954553604126
0.7585538029670715,47854.65625,0.9878400490636935,2.221449648707196,10.014257446488951,1.3784918785095215
0.7035580277442932,34851.4765625,0.9729566884874603,2.255119120447919,10.071633115968321,1.3534398078918457
0.6632309556007385,45317.28515625,0.9522694467786279,2.2914951198986024,10.122106090745543,1.3384567499160767
0.7160495519638062,42903.01171875,0.9774034342674159,2.4257238262584657,10.144451872071837,1.4001193046569824
0.6088640093803406,45061.3828125,0.9019448469635103,2.559759890406415,10.083959594926451,1.4500672817230225
0.5906097292900085,45739.4140625,0.877372513243384,2.7646491878917665,9.961951748094176,1.4909172058105469
0.6242798566818237,42596.671875,0.9194712950590866,2.9085414760997743,9.864244714936827,1.5122689008712769
0.7538101077079773,30449.712890625,0.9869627614750593,3.2356975429943056,9.644731060227965,1.5938762426376343
0.6299753785133362,33275.11328125,0.9252438192228694,3.643260752527997,9.386178032121276,1.6778844594955444
0.6495364904403687,36237.3984375,0.942429474865131,4.118585383265302,9.088007584771727,1.6078674793243408
0.728376567363739,58400.0703125,0.9810979419559321,4.443609988062665,8.887139097413634,1.5137649774551392
0.7373414039611816,58640.703125,0.9834104994981792,5.297134196131513,8.363051191529845,1.3325881958007812
0.6368598937988281,37335.796875,0.9317440954898609,6.984576975672528,7.206219181975936,1.171269178390503
0.676531195640564,31243.826171875,0.960331380832687,7.753061091273114,6.613225833139037,1.1867765188217163
0.8016566634178162,32464.0078125,0.9935678962761506,8.530969416468427,5.949243084153746,1.2618783712387085
0.6795777678489685,34847.421875,0.8348238391635394,9.202897822230145,5.347768560609435,1.3499062061309814
0.766645610332489,67185.84375,0.9892049263005569,9.599098002283856,4.94448663350067,1.381229043006897
0.8109893798828125,57828.16796875,0.9944003040150062,9.738399302332684,4.689483419618224,1.3884031772613525
0.751075029373169,58187.1953125,0.9864291193696919,9.738399302332684,4.689483419618224,1.3884031772613525
0.7497829794883728,67990.265625,0.9861696620489437,9.615054880945966,4.612025276383971,1.363821268081665
0.6845998167991638,53486.22265625,0.9645863917103285,9.207500254481122,4.692763344010924,1.290866494178772
0.721996545791626,49966.52734375,0.9792652246384954,8.56034258541374,4.854837671479796,1.2415012121200562
0.7342581748962402,52948.8828125,0.9826479522481928,7.682187830775067,5.10931350346527,1.1441786289215088
0.6826130151748657,36332.89453125,0.9635801371231826,6.404006754725263,5.5019885456176745,0.9113591313362122
0.6615778803825378,48196.97265625,0.9511686449763528,5.599023615687177,5.707764879426573,0.7534510493278503
0.7004515528678894,53569.6875,0.9717275111597375,4.704149996607587,5.937641636094664,0.6091394424438477
0.8171188831329346,83021.8515625,0.9948880041084078,3.6353671902111024,6.229448572358702,0.631246030330658
0.866661548614502,104151.0859375,0.9975577306419903,2.3488710277965517,6.566188529691313,0.7090119123458862
0.7833787798881531,91312.1171875,0.9915674932838652,0.9473188274791688,6.782248154840087,0.766150176525116
0.7467420101165771,69618.75,0.985539744151679,0.29180165591926865,6.7583404337974535,0.7221967577934265
0.7640422582626343,115565.0625,0.9887830733476987,1.36348840060921,6.536544159612273,0.599194347858429
0.7193304896354675,91274.515625,0.97844960625809,1.36348840060921,6.536544159612273,0.599194347858429
0.6904534697532654,113853.0,0.9674015356124138,2.254988873631671,6.2164005195709215,0.5434788465499878
0.4830380082130432,81914.890625,0.6620400744757231,2.8934104091236144,5.919856802186583,0.5931122899055481
0.6982108950614929,58888.84375,0.9708081450760407,3.7025205737659483,5.366229788026427,0.9693959951400757
0.7962369322776794,103939.71875,0.9930294779328895,3.7025205737659483,5.366229788026427,0.9693959951400757
0.7981446981430054,92593.5546875,0.9932239019248241,3.6962601787158995,5.36498977299652,1.0285594463348389
0.8421305418014526,86927.5,0.9964778066400758,3.7162329799243956,5.347809807023619,1.0657830238342285
0.8301557302474976,82147.9375,0.9957896251812118,3.7398984080860167,5.333459631166075,1.096675157546997
0.8302345871925354,81394.015625,0.9957945676100264,3.7950951701709776,5.31818629857025,1.1373409032821655
0.8191311955451965,76803.609375,0.9950387457083755,3.8447982913562804,5.306536213121031,1.0708369016647339
0.8175271153450012,78350.1640625,0.9949189474030391,3.8667976504871397,5.3059566175552355,0.8827740550041199
0.7569947838783264,87209.6328125,0.987558300202054,3.8790986186573058,5.311868921479796,0.7260660529136658
0.7750803828239441,83857.96875,0.9904674827255349,3.8992836124012022,5.30793763752899,0.5876327753067017
0.7692065238952637,83035.6640625,0.9896046931203729,3.907682145268634,5.312134758195494,0.5754120349884033
0.7636049389839172,78715.0546875,0.9887106398219737,3.92073413196297,5.311778560838317,0.6496539115905762
0.7549811601638794,81394.296875,0.9871849226183318,3.9252965098926573,5.319750086030577,0.709336519241333
0.7430686354637146,87311.71875,0.9847414462765105,3.85451098743172,5.374916092118834,0.7717940807342529
0.7548770904541016,95226.0390625,0.9871653303376331,3.6888491756031065,5.504798427781676,0.8365033864974976
0.7541084289550781,102031.9296875,0.9870197111471614,3.427089417607501,5.686325446328734,0.8654658198356628
0.5287290215492249,118157.4453125,0.7636581957086503,2.95207425418587,5.9692572509857165,0.8672120571136475
0.6599863767623901,107746.5859375,0.9500870317437824,2.348722661168292,6.286016241273497,0.8530238270759583
0.7808932662010193,109277.7734375,0.9912518428730825,1.625624859959796,6.637472168168639,0.8246594667434692
0.7708228230476379,74129.1171875,0.9898494789539127,0.8811628467151671,6.9860815858455645,0.8361921310424805
0.7402704954147339,85999.3671875,0.9841047100796354,0.06798383060188584,7.365033858081912,0.9414209127426147
0.7879899740219116,71463.9921875,0.9921236401041064,0.38648394283561416,7.557412855884646,1.038757085800171
0.7129806280136108,62977.65234375,0.9763808183137266,0.8662803524425478,7.734253928622817,1.0739362239837646
0.7598305344581604,63980.63671875,0.9880661204623253,1.3995483272960634,7.909470990857695,0.9715290665626526
0.6379662752151489,47175.25,0.9327415726619406,2.0808399074962587,8.103905395230864,0.8127569556236267
0.6837251782417297,42855.421875,0.9641466650184962,2.9569423550060243,8.335820869168852,0.6559838056564331
0.6934043765068054,38161.40625,0.9687394543207419,3.9444959515026063,8.580073252877806,0.5874251127243042
0.7245135307312012,67077.4765625,0.9800078696977045,5.168136393397138,8.858918443879698,0.5823134779930115
0.7492255568504333,51129.1640625,0.9860562357898677,7.547096049158856,9.286158219537352,0.6646802425384521
0.7805461883544922,37612.98046875,0.991206848935984,8.734304224818036,9.457027689179991,0.7005406618118286
0.7343364953994751,29799.103515625,0.9826677370622621,9.869672571986005,9.579064146241759,0.7383566498756409
0.7037765383720398,29073.505859375,0.9730412060072868,10.746784006922528,9.619597688874816,0.7787298560142517
0.7634537816047668,30040.779296875,0.9886854969656448,11.66288927730827,9.589528099259947,0.8228986859321594
0.6650072336196899,25267.994140625,0.9534269837848883,12.4650266521862,9.495488659104918,0.8449066877365112
0.8248643279075623,23247.49609375,0.9954444639388901,13.30013636287956,9.358861819467162,0.8336150646209717
0.8994982242584229,21246.734375,0.9985052455614163,14.163850581019208,9.161233559808348,0.8018496632575989
0.8848027586936951,20266.935546875,0.9981377606287322,15.289493357508466,8.676508203706359,0.7594290375709534
0.8013870716094971,16815.234375,0.9935421134878013,15.37258509334831,2.6802847539993273,0.6498844623565674
0.8990581631660461,23276.125,0.9984953710023897,14.839465891688153,1.7313730871292101,0.6415455937385559
0.8541666865348816,31404.615234375,0.9970567574366818,13.90530756649284,0.39708592053375114,0.551526665687561
0.9038903117179871,30307.455078125,0.998600325830558,13.313712870447919,0.27470992449798715,0.4746640622615814
0.8346822261810303,27556.318359375,0.9960641967723428,12.673574244349286,0.9020578706649793,0.42709505558013916
0.8749672770500183,26468.30859375,0.9978427836428014,12.02702501949577,1.456244691648866,0.40860745310783386
0.879463255405426,30262.458984375,0.9979829954931339,10.544051920740888,2.5292274797348036,0.6608264446258545
0.4447746276855469,17588.224609375,0.5823925574954657,9.511611735194013,3.077770456114198,0.7917002439498901
0.35820505023002625,26618.802734375,0.46390440228164864,8.35521105465202,3.5729029024032606,0.8516327738761902
0.6401168704032898,44237.359375,0.9346440698970448,7.100250040858075,4.013668283262636,0.8690771460533142
0.7651205062866211,64307.29296875,0.9889597221929504,5.806594645350263,4.352142556944276,0.849484384059906
0.8145045042037964,86490.59375,0.9946853620011049,4.635221278040692,4.589615091123964,0.7913515567779541
0.8173211216926575,92293.6171875,0.9949033567225372,3.518237864344403,4.777738794126893,0.7396405935287476
0.796379804611206,114669.796875,0.9930442273638223,2.3943279140880556,4.926878198423768,0.6754040122032166
0.7165567278862,146211.921875,0.9775682859942203,1.3503196590831728,5.004928811827089,0.5810609459877014
0.6670805811882019,180550.171875,0.9547455577604065,0.2934234493663759,5.018848642149354,0.5151443481445312
0.715369462966919,145372.15625,0.9771805512662425,0.7030412799427062,4.944371446409608,0.531925618648529
0.8036306500434875,117285.4609375,0.9937536038906079,2.8653461581775694,4.236884340086366,0.7416049838066101
0.7695422768592834,103365.4609375,0.989656015024504,3.762141431004718,3.658918603697206,0.8257467746734619
0.7466803193092346,157811.703125,0.9855266799168925,4.475832665593341,3.05075000170746,0.9011258482933044
0.6765955686569214,200998.046875,0.9603671372569245,4.966042721898273,2.4964563692001356,0.9568740725517273
0.7325830459594727,80292.2890625,0.9822195089008332,4.883695328862384,0.1808020913986219,0.9469403624534607
0.7636979818344116,69800.65625,0.9887260889005955,4.676300252110675,0.010901674070741052,0.9494108557701111
0.5596787929534912,38187.83984375,0.8259750249783289,4.5072390681812315,0.0612342512222277,0.9713784456253052
0.7044780850410461,60001.94921875,0.9733108583104684,4.546781266362384,0.049431101045225745,0.9787929058074951
0.7525787949562073,84277.8359375,0.9867251072882068,4.605039323003009,0.03221537228546012,1.0014790296554565
0.7605026960372925,79807.2421875,0.9881834806078218,4.666526997716144,0.02333332653961051,1.0125120878219604
0.8118634223937988,73329.328125,0.9944725685168188,4.7325455791065245,0.005052820405577307,1.0224192142486572
0.7939251661300659,84156.25,0.9927864819068368,4.808170045048907,0.01809428576507699,0.9805824756622314
0.8131769895553589,93608.59375,0.9945794380747346,4.871061528355792,0.021957620420838708,0.8826896548271179
0.8517588973045349,105909.390625,0.9969490642953154,4.929341996342853,0.014444128236387854,0.6717405319213867
0.7505368590354919,113805.015625,0.9863216319067676,4.944794858128741,0.03039480801544059,0.6964694857597351
0.7961535453796387,121278.3671875,0.9930208552044405,4.957065308720782,0.042414919099424964,0.7652843594551086
0.8367313742637634,105950.4296875,0.9961825741293462,4.965022290379718,0.05785442944488395,0.8064457774162292
0.8101199269294739,96907.5234375,0.9943274905976607,4.975879872472003,0.10492159481963981,0.861471951007843
0.8313195109367371,95881.1484375,0.9958619841609888,4.9886748439380675,0.2213900243850695,0.9299110770225525
0.8304628133773804,93299.265625,0.995808839448667,5.003213132054523,0.4397418653579699,1.0018513202667236
0.8349382877349854,83847.4296875,0.9960791863094758,5.012026513249591,0.721952215394591,1.0550616979599
0.8006152510643005,77685.6171875,0.9934677328053265,5.0210845119068175,1.0278904592605578,1.0832672119140625
0.7950996160507202,70893.875,0.992910959533476,5.024674142033771,1.2102368032546984,1.0770455598831177
0.7714254260063171,72303.390625,0.9899392850041082,5.013637269170001,1.6776049291702257,0.9920772910118103
0.8019980788230896,73675.25,0.993600401925955,4.996626580388263,2.2091596281143175,0.8169850707054138
0.7860360145568848,109249.734375,0.9918925379624713,4.9775993472644835,2.74422766324005,0.6657294034957886
0.8118160367012024,124307.953125,0.9944686745370749,4.964797223241046,3.147195593080138,0.5935795903205872
0.8391628861427307,117869.6796875,0.996318458466519,4.965800488621905,3.3974321043106066,0.5282507538795471
0.7799555659294128,111842.0546875,0.9911297581526455,4.982586110264972,3.5438628351303088,0.4939562678337097
0.7251425385475159,106591.5703125,0.9801894119544938,4.985639775426105,3.648939624986266,0.5239551663398743
0.744709312915802,99572.3203125,0.9851031691493357,4.96785327258797,3.716969028672789,0.5615411400794983
0.7739037871360779,100793.6484375,0.9903004944188657,4.9411003238269835,3.780146614274596,0.5903244614601135
0.7556831240653992,94783.671875,0.9873163130229391,4.9200431949207335,3.8186891233535754,0.5882827043533325
0.7669219374656677,93665.2578125,0.9892487781702142,4.893562520177081,3.8618362104507433,0.586795449256897
0.7350946664810181,109507.8984375,0.9828581332265569,4.820742333562091,3.9576316034408556,0.6033380627632141
0.7800807952880859,118458.28125,0.9911461590899768,4.687498295933917,4.159682527742003,0.6319361329078674
0.7115205526351929,111780.078125,0.9758788506866409,4.437484944493487,4.509667888841246,0.678999662399292
0.7193918824195862,94774.84375,0.9784687308635684,4.149577820927814,4.914017931184386,0.7325904965400696
0.7853767275810242,109357.96875,0.9918130624786845,3.8777687198230772,5.307225481233214,0.7743626832962036
0.8098703622817993,88892.0234375,0.9943064178161993,3.3876921779224425,6.02818442936859,0.8292179107666016
0.7841855883598328,80432.765625,0.9916675208237735,3.2002761012622862,6.313832894525145,0.8490331172943115
0.7653776407241821,71844.3515625,0.9890014436387308,3.046922410161212,6.533391610345458,0.8281829357147217
0.8273491263389587,87253.1875,0.9956099129751544,2.9482795840808897,6.684413269719695,0.7725780606269836
0.7552468776702881,69876.09375,0.9872348142821841,2.8736822253772765,6.766945675572966,0.6694497466087341
0.7717742919921875,66216.1484375,0.9899909191469805,2.8024522906848937,6.805194631776427,0.540329098701477
0.7540976405143738,72699.6796875,0.9870176558733745,2.74580737415047,6.813726679048155,0.4623887240886688
0.7613803148269653,71187.8828125,0.98833501274022,2.70921536746712,6.802113131246184,0.43503016233444214
0.7614383697509766,72398.2109375,0.9883449692311697,2.646581376225665,6.771891907415007,0.46987342834472656
0.7199365496635437,73071.5,0.9786376872926418,2.5387947207996397,6.743211582860564,0.5217615962028503
0.7233048677444458,74981.375,0.9796545105495151,2.3668205386707335,6.722025529107665,0.5807569026947021
0.6639065742492676,88409.2890625,0.9527127887524582,2.0790302402088194,6.7147905385108935,0.6483495235443115
0.6946960091590881,89975.9375,0.9693085994226973,1.7073690539905577,6.722796992024993,0.6872338056564331
0.8282015323638916,107801.1015625,0.9956652847493878,1.126296246678546,6.740443304738616,0.6729576587677002
0.8095057606697083,107419.796875,0.9942754920747353,0.36159726443977647,6.759695068559264,0.6383063793182373
0.7445899844169617,102222.7265625,0.9850771447964262,0.5381076687267274,6.775355950555419,0.6303299069404602
0.6819057464599609,69553.453125,0.9632155149082382,1.4552429073741884,6.784376338681792,0.6511684656143188
0.7973458170890808,82192.6015625,0.9931431475509127,2.2463624828746767,6.7996593868347155,0.6865454912185669
0.7926139831542969,81442.234375,0.9926449602749107,2.8714835995128603,6.84087540265045,0.738827645778656
0.7987555265426636,70574.375,0.9932850121949715,3.3360059612682313,6.857054845056151,0.7445138096809387
0.8140868544578552,71472.8515625,0.9946522603171758,3.6147821300914735,6.837935641965483,0.7105528116226196
0.756316602230072,69636.6328125,0.9874337525592758,3.8667943828990907,6.73196096774063,0.6566349267959595
0.7691363096237183,59461.96484375,0.9895939288519209,3.9344537609508485,6.672256008348082,0.6430352330207825
0.709867000579834,62646.65234375,0.9752980249409667,4.108954226343915,6.522653893193816,0.6340139508247375
0.7303067445755005,80825.265625,0.9816208368754648,4.412314211695477,6.300844565591429,0.6403204798698425
0.8343253135681152,78141.46875,0.9960432085388384,4.88154390987663,6.027632967195128,0.645890474319458
0.7654586434364319,65916.578125,0.9890145546879501,5.6266534679820985,5.657370463571166,0.7060766816139221
0.7872238159179688,61235.73828125,0.9920338086561988,6.443179880945966,5.290855661592101,0.7797113656997681
0.816569447517395,68229.1484375,0.9948460627231989,7.114423548548505,5.004886404237364,0.8389142155647278
0.7650579810142517,68116.328125,0.9889495536820547,7.668002878992841,4.786919847688292,0.8512009382247925
0.7766805291175842,54464.37890625,0.9906900520798174,8.061519419520184,4.636548057756041,0.8243047595024109
0.6715540289878845,49594.12109375,0.9574744039174335,8.295413767664716,4.545779958924864,0.7657132744789124
0.6687816381454468,45769.9140625,0.9558016722743912,8.388601099818036,4.50255490895233,0.6895877718925476
0.7428117990493774,35830.9765625,0.9846840520623252,8.386043345301434,4.467422023973082,0.6579090356826782
0.733896791934967,37769.09375,0.9825563778607918,8.386043345301434,4.467422023973082,0.6579090356826782
0.6583244204521179,44171.59375,0.9489343272527127,8.249902521937177,4.388286844453429,0.6721487641334534
0.641400933265686,36936.9375,0.9357573480379107,7.9202936047008485,4.201336399278258,0.7404155731201172
0.664422333240509,44125.1875,0.9530486926409484,7.538013254969403,3.9769320642562853,0.8330891728401184
0.6665917634963989,40011.90625,0.9544378105350155,7.134551798670575,3.70894934292755,0.945802628993988
0.7160452604293823,57353.31640625,0.9774020344009573,6.685483729212567,3.415589109620665,0.9993227124214172
0.7268522381782532,65202.68359375,0.9806748493849411,6.133718287318036,3.0856897985549914,0.9899861812591553
0.718852698802948,68097.09375,0.978300208672864,5.461581980555341,2.7025864278884875,0.8791818618774414
0.7757657766342163,94673.0078125,0.9905634501406009,4.722752367823407,2.288820997438048,0.7595279216766357
0.8358781337738037,74425.2265625,0.9961337192522236,4.052200114100263,1.9312718069168078,0.714828372001648
0.5324443578720093,29743.01953125,0.7715923385420731,3.272272860377118,1.4492972051712023,0.6452852487564087
0.7563170790672302,52845.09765625,0.9874338405555141,3.272272860377118,1.4492972051712023,0.6452852487564087
0.7190658450126648,60075.65234375,0.9783669788591629,3.2415702694347353,1.4155829107376086,0.6291804313659668
0.7341346144676208,57860.78515625,0.9826166946510789,3.2369115703990907,1.3898942625137316,0.6505510807037354
0.7250987887382507,63204.8125,0.9801768367074842,3.328849589197919,1.2473466550918566,0.6829233169555664
0.8747432827949524,132789.5,0.997835549594565,3.526280199854657,0.8061044370742785,0.6764900088310242
0.7235264182090759,96027.7265625,0.9797197300500697,3.7120035046031923,0.22802473660430778,0.6775057315826416
0.6994198560714722,68769.484375,0.9713076642452629,3.8960960262706728,0.2651507699874891,0.7021484375
0.7647085189819336,164050.515625,0.9888925510868504,4.03463057216911,0.6004946077255262,0.7209123373031616
0.6119551062583923,107734.6484375,0.9056892042676474,4.058567797510907,0.714514955320741,0.7404770851135254
0.7405912280082703,77910.7265625,0.9841789868843107,3.9846666210582704,0.8754570329574598,0.7996735572814941
0.7829648852348328,71977.8359375,0.9915157204830434,3.775188242762372,1.0959789598373426,0.871065616607666
0.8020334839820862,89571.734375,0.9936037634847351,3.488428866236493,1.370119317808534,0.9314100742340088
0.7222738265991211,139982.484375,0.9793483236937686,3.0460288875987978,1.8110315645126356,0.8821713924407959
0.7788541913032532,199071.453125,0.9909842193619989,2.447845255701825,2.3787805879501356,0.7793827056884766
0.7832496166229248,88398.8828125,0.9915513701682681,1.9254835003307313,2.8629906022933973,0.6616632342338562
0.7884601950645447,102970.5078125,0.9921782774253811,1.481080805628583,3.2741873109725965,0.5896652340888977
0.6809847354888916,210158.28125,0.9627355856268702,1.170573984949872,3.5501959169296278,0.5441960096359253
0.7424425482749939,255062.515625,0.98460116853691,0.9829643124034853,3.705873712339784,0.523198127746582
0.7224265933036804,193509.796875,0.979393969460687,0.8807771557262392,3.7826645219711317,0.5560876131057739
0.7028555870056152,159911.828125,0.9726832786959703,0.8152644985607118,3.81542228106537,0.6097003221511841
0.7233439683914185,138655.65625,0.9796660355960645,0.7743842953136415,3.826007112303163,0.6203903555870056
0.7862457633018494,134158.8125,0.9919176627615898,0.7433946484020204,3.828936799803163,0.6227740049362183
0.7877926826477051,126782.4296875,0.9921006038482203,0.7083881252696962,3.7899038637069715,0.6061140894889832
0.7235912680625916,98949.4296875,0.9797387821953233,0.704488550989911,3.772284730711366,0.56098872423172
0.7067127227783203,83724.2890625,0.97415273955983,0.6993072384288759,3.745490297117616,0.4366237223148346
0.7161359786987305,100861.4296875,0.9774316083452761,0.6860759609630556,3.727761491575624,0.3616693317890167
0.7483308911323547,117315.96875,0.9858722852145377,0.6628501766612978,3.713130220213319,0.3236989676952362
0.6820910573005676,127761.7890625,0.9633113778152635,0.6415984981945009,3.7006428087142957,0.2931283712387085
0.7190257906913757,133818.234375,0.9783544465533514,0.6211974972179384,3.692239030638124,0.2660296857357025
0.7245089411735535,137078.78125,0.9800065391919515,0.5907581203868837,3.6886370027450575,0.25399327278137207
0.7206506133079529,134182.75,0.9788572572451584,0.5490463131359071,3.6773321473983778,0.090430848300457
0.7190386652946472,143174.625,0.9783584755578214,0.535294329493329,3.674435838499452,0.0812956690788269
0.6510132551193237,185440.3125,0.943572109576607,0.5317581051280946,3.6797468507675184,0.292577862739563
0.7539292573928833,205734.015625,0.9869855364597531,0.5469339245250673,3.6892034852890028,0.3648358881473541
0.7369295358657837,234394.25,0.9833105516355654,0.5685899609020204,3.695931657591249,0.3364940881729126
0.7341718673706055,197233.609375,0.9826261244261381,0.5934198254039735,3.6937448823837293,0.268955796957016
0.7636041045188904,180492.609375,0.9887105011741675,0.6037919872692079,3.6939289415267957,0.23356208205223083
0.722220242023468,188021.390625,0.9793322898599919,0.6115606182506532,3.6925432527450575,0.2067839652299881
0.7299301624298096,178989.46875,0.9815199308168319,0.610642229883954,3.6863910997299207,0.170498326420784
0.7249700427055359,189421.703125,0.9801397858005416,0.6011798733165712,3.688504442015077,0.14208051562309265
0.7195501327514648,189467.328125,0.9785179524689555,0.5809324139049501,3.7045490587142957,0.12627558410167694
0.7132065892219543,198113.34375,0.9764576022451161,0.5112169140270204,3.7217724168685926,0.1001453846693039
0.6841380000114441,194971.59375,0.964354845725666,0.3094976299694032,3.7766754472641004,0.08414959162473679
0.6467937231063843,102899.125,0.7795333907901985,0.1017152911731749,3.9011337602523817,0.08694270998239517
0.7661558389663696,120184.09375,0.9891267699956878,1.265278065831378,4.295970186033632,0.016287487000226974
0.7233208417892456,174228.171875,0.9796592197160288,1.7671787387439757,4.4980947816757215,0.034796588122844696
0.7133893370628357,199538.703125,0.9765195266534558,2.1519271976062804,4.670359834471132,0.08050072193145752
0.6882546544075012,170109.5625,0.9663697068941777,2.4330293780872374,4.78564761523285,0.1248379498720169
0.6980981230735779,140564.765625,0.9707611313508862,2.608350003392413,4.866119607725526,0.1335379034280777
0.7883307933807373,125101.3828125,0.992163279010829,2.7029506808826476,4.9220192277816786,0.1143462061882019
0.7811868786811829,107359.2109375,0.991289728582413,2.738444054753497,4.950070604124452,0.06252352148294449
0.7390746474266052,109008.7734375,0.9838247681820059,2.7445056087085753,4.954535707273866,0.009237728081643581
0.7665234208106995,104458.78125,0.9891854794341669,2.789806569249347,4.869766458311464,0.014323633164167404
0.7700933814048767,135190.953125,0.9897397155987535,2.9325620776721983,4.740833505430604,0.02690533548593521
0.735116183757782,113389.0,0.9828635070354883,3.1594836360523253,4.5687944734481825,0.08489704877138138
0.7931298613548279,112357.828125,0.9927009655085328,3.411754811436847,4.396869882383729,0.13836440443992615
0.8027521967887878,101260.015625,0.993671625586741,3.7314865237781554,4.210724099913026,0.20471011102199554
0.6987136602401733,111465.4375,0.9710168723769962,4.06748124423714,3.995558007994081,0.2546789050102234
0.7127838730812073,118438.5078125,0.9763137634189234,4.445930684239581,3.7231857622055067,0.22699782252311707
0.5959378480911255,138713.640625,0.8849861447381989,4.971976483494952,3.3157760942367567,0.1393233835697174
0.7325056791305542,125019.2421875,0.9821994751461083,5.600823128850177,2.8080246293930067,0.06601003557443619
0.7383629679679871,109168.9375,0.9836558983845707,6.281760419041827,2.226341470518495,0.029200078919529915
0.7692773342132568,108583.3046875,0.9896155376871989,6.997739041478351,1.5921966874984754,0.031332023441791534
0.7471596598625183,99777.21875,0.9856278876540678,7.696995461613849,0.9529621446517957,0.07076434046030045
0.7404453754425049,78438.765625,0.9841452515994512,9.932494843632892,1.1493942892166125,0.37639227509498596
0.7821439504623413,58396.4921875,0.9914121035957989,9.984612906605914,1.2069895422073351,0.37251022458076477
0.6444908380508423,42851.171875,0.9383680799416186,10.002428615719989,1.2201631223770129,0.3701298236846924
0.7051398158073425,47105.56640625,0.9735628483300599,9.995003009469226,1.2303764974685656,0.37194958329200745
0.6327329874038696,41194.34765625,0.927909006368729,9.970315123231128,1.2407424604507433,0.39314672350883484
0.6190215945243835,40671.984375,0.9138118106676743,9.904168987900928,1.2511899625869738,0.4187277555465698
0.6624683737754822,44819.4140625,0.9517644798663356,9.770316208035663,1.2554447805496203,0.47587066888809204
0.6687452793121338,42042.50390625,0.9557793377539858,9.538574779660419,1.2408416425796496,0.5895394682884216
0.6354455947875977,39744.02734375,0.9304502543824722,8.98901661697121,1.2180307066055285,0.7521260380744934
0.713340163230896,49960.203125,0.9765028793948719,8.401100838811114,1.1757681524368273,0.7607495784759521
0.5455099940299988,49929.265625,0.7985979238568629,7.634218180806354,1.1103298818679797,0.7553706765174866
0.7007692456245422,72712.7109375,0.9718556153627899,6.75137754741402,1.0228760397048937,0.7589049339294434
0.6990610361099243,77546.8359375,0.9711602600769951,5.721328461796954,0.91803719159088,0.7955591082572937
0.7748220562934875,93163.40625,0.990431063768157,4.72786828342171,0.8166101133438097,0.8731826543807983
0.804436981678009,91544.71875,0.9938279263542236,3.7887560969898253,0.7080710088821398,0.962146520614624
0.7019199728965759,44248.01953125,0.97231502123907,2.940737450749591,0.6174786245437609,1.0599876642227173
0.32158076763153076,50005.59765625,0.43863226124062576,0.07555505099983506,0.3983795797439562,1.3965758085250854
0.6283068060874939,37253.734375,0.9235904489835758,11.502322947352216,0.33953164462127816,1.0604432821273804
0.776808500289917,32665.681640625,0.9907076294988193,11.608720576136395,0.36490844134369027,1.0844969749450684
0.7657541632652283,27535.353515625,0.9890622574150263,11.608720576136395,0.36490844134369027,1.0844969749450684
0.8397895097732544,33307.58984375,0.9963526910842164,11.68781832393913,0.3899652803329481,1.100794792175293
0.8350323438644409,31491.38671875,0.9960846779781092,11.714742457239911,0.3231985414413465,1.1316778659820557
0.7941054701805115,62893.5703125,0.9928057313343938,11.688045298426434,0.04595448132476676,1.1218129396438599
0.7902500033378601,59644.6640625,0.9923828439928479,11.58574083980827,0.7332198774429308,1.0984621047973633
0.7048555612564087,40997.046875,0.9734548821930893,11.40898302730827,1.6749956762405382,1.0932472944259644
0.7077338695526123,33382.94140625,0.9745289516645034,11.226386820643231,2.606011644563292,1.1368566751480103
0.8468913435935974,31056.55859375,0.9967192352193528,11.054166590540692,3.4659786378952013,1.2289304733276367
0.702674150466919,29878.65234375,0.9726122317963373,11.054166590540692,3.4659786378952013,1.2289304733276367
0.7872007489204407,27125.95703125,0.9920310884440777,10.751916682093427,4.5051682149978625,1.388620376586914
0.7235662937164307,25616.09375,0.9797314470525054,10.486064707606122,5.103482500276183,1.464429259300232
0.6636459231376648,26668.48046875,0.9525421969959691,10.16270617183952,5.718369499406432,1.5118579864501953
0.7896135449409485,31891.900390625,0.9923107121166512,10.16270617183952,5.718369499406432,1.5118579864501953
0.6812552809715271,71854.453125,0.9628771673820326,9.701045786707684,6.44913853760681,1.440934658050537
0.5390945672988892,57489.91015625,0.6417634311955813,8.884427821009442,7.485424664429043,1.2787580490112305
0.6796907186508179,44685.53515625,0.9620514031012364,7.7439935558727235,8.708932534417723,1.1522619724273682
0.720747709274292,33892.46875,0.9788869451757438,6.593818461268231,9.769773260316466,1.0771055221557617
0.6143998503684998,36030.77734375,0.9085675620356928,5.410712992518231,10.665951744279479,1.0225927829742432
0.7564735412597656,28948.50390625,0.987462682374423,4.327848231165692,11.343724743089293,0.9233043193817139
0.7539278268814087,28538.16796875,0.9869852632421527,3.217389857142255,11.937179819306944,0.7978924512863159
0.7044056057929993,31217.4296875,0.9732831191287077,2.066332613795087,12.374883428773497,0.7503756880760193
0.7992737293243408,73011.359375,0.9933364283018724,2.8585993892261534,7.294909775814627,1.1981844902038574
0.7469447255134583,54348.72265625,0.9855825921702946,2.8401782161304503,7.277338222226714,1.1701196432113647
0.7395363450050354,57849.02734375,0.9839334128594491,2.814190114171222,7.255665124020194,1.1539127826690674
0.759943425655365,60346.34375,0.9880859108747667,2.7861387378284483,7.227194846233939,1.1628230810165405
0.8147114515304565,67408.2421875,0.9947016887140792,2.7504713183948546,7.206239939293479,1.1659408807754517
0.8106900453567505,67352.8046875,0.99437534097941,2.7220546847888976,7.17687331195793,1.188527226448059
0.8194721937179565,68755.0078125,0.9950638493586286,2.700792039067462,7.1544282292934405,1.2259409427642822
0.7843167185783386,59190.31640625,0.9916836673653475,2.6690475589344054,7.1383216833683,1.242505669593811
0.7918168306350708,60171.375,0.9925575834815474,2.641761983067706,7.127690420112227,1.235933542251587
0.7988494634628296,67928.4609375,0.9932943616399126,2.604063237340167,7.125277445277785,1.2308520078659058
0.7385693192481995,64127.59765625,0.9837050377668743,2.5522081500598937,7.143309578857039,1.1826508045196533
0.7871199250221252,69963.015625,0.9920215499635014,2.4943744784900694,7.181830183229064,1.1016970872879028
0.7787057161331177,66470.6171875,0.9909644204054104,2.4174654132434874,7.262340725025748,0.8067007064819336
0.7701724767684937,69820.0078125,0.9897516736913305,2.407679761082843,7.299814239701842,0.7000249624252319
0.779698371887207,68474.6328125,0.9910959802707608,2.389412129552081,7.3346033623429285,0.6285557150840759
0.7676399946212769,63064.2265625,0.9893619145148045,2.3694946414539366,7.348061487636183,0.5729040503501892
0.7679329514503479,66382.890625,0.9894077359906553,2.3534309512683897,7.369043775460337,0.5027733445167542
0.7243379950523376,69229.3984375,0.9799569211157018,2.3220350390979796,7.403737530669783,0.4615689516067505
0.7609097957611084,61962.203125,0.9882540099676231,2.292767728001788,7.423976917377328,0.45049235224723816
0.772891640663147,61022.7890625,0.9901545459041825,2.2622720843860655,7.438841802625571,0.43029433488845825
0.7443501353263855,56443.453125,0.9850247020155596,2.247453892857745,7.454565453784195,0.43087175488471985
0.7476111054420471,54829.9921875,0.9857225742146661,2.237932408482745,7.464675946718668,0.4558861553668976
0.7234674692153931,59052.65625,0.9797023965079447,2.2318975574085265,7.476856757512902,0.47025609016418457
0.7455610632896423,58697.7421875,0.9852876469891505,2.2368080264637022,7.482923316395496,0.3944225609302521
0.7451539635658264,58598.4375,0.985199754093703,2.2522670871326476,7.486345701477145,0.2200460284948349
0.7352439761161804,53799.0859375,0.9828953887176015,2.270525181920245,7.4916610611589896,0.11968957632780075
0.7312700152397156,58635.015625,0.9818765253271219,2.2678539401599913,7.48562545012555,0.06561031937599182
0.7102747559547424,57103.04296875,0.975442484350364,2.286815846593097,7.482517427391027,0.022051651030778885
0.7534248232841492,52855.6953125,0.9868888488796492,2.2987072116443663,7.478374602830623,0.01806192845106125
0.7471771836280823,55410.50390625,0.9856315745007245,2.2979652530262022,7.473933216741894,0.06722691655158997
0.7658010721206665,56033.53515625,0.989069810718791,2.3021461612293272,7.479134476369833,0.17716149985790253
0.7450622916221619,56209.9375,0.9851798916166427,2.3151046878406554,7.474832946992134,0.3548112213611603
0.7650068402290344,56851.89453125,0.9889412298017612,2.3365499621936827,7.460226885600601,0.47203579545021057
0.6848558783531189,61390.4296875,0.9647141677644702,2.26748009982796,7.44642554232723,0.4315726161003113
0.6720194220542908,71526.34375,0.9577494050271139,2.054838383824542,7.477831597066139,0.3488636910915375
0.7272727489471436,62147.1796875,0.9807924723233147,1.7310659534046202,7.540692426821803,0.27987992763519287
0.7096023559570312,55331.98046875,0.9752038318987141,1.3395807391712218,7.623905182442282,0.23767878115177155
0.7050186395645142,55410.87890625,0.973516874244651,0.9560005313465147,7.695514783820723,0.17751291394233704
0.6905038356781006,58093.1640625,0.9674248174998773,0.5378381854602843,7.760970309934233,0.12060890346765518
0.7522193193435669,55532.45703125,0.9866549303180161,0.15227583584098525,7.794698075017546,0.05124745890498161
0.6654438376426697,50838.47265625,0.9537075408585123,0.6427781933238954,7.736914888581847,0.08198975771665573
0.7449141144752502,83968.46875,0.9851477312609321,1.2792413586070985,7.536410347184752,0.1545187085866928
0.6988933086395264,57852.8828125,0.9710911108396455,2.0106895321300478,7.119027093610381,0.23485927283763885
0.359097421169281,28704.978515625,0.4646727281483124,2.589413439600751,6.528419808110808,0.36385706067085266
0.8410650491714478,97481.484375,0.9964213997676705,2.949065958826825,5.895505443772887,0.5049934387207031
0.7614932656288147,88173.3984375,0.9883543762801617,3.185579096644208,5.235969797334288,0.5986076593399048
0.7612128853797913,88741.421875,0.9883062516705579,3.3365714901378603,4.597237840852355,0.656101405620575
0.79767245054245,113926.546875,0.9931762794087731,3.4296644085338563,4.032725111207579,0.7183791399002075
0.7679851651191711,123353.953125,0.9894158823757919,3.481034075587079,3.5583818113418566,0.7487143874168396
0.7026779055595398,120213.046875,0.9726137040063925,3.5069330089977235,2.977497354707335,0.6517044901847839
0.7598212957382202,124358.0,0.9880644994448289,2.356634890406415,5.431917413511659,0.15716277062892914
0.7976875305175781,108728.875,0.9931778052087241,2.4099319332530946,5.440504297056581,0.13946950435638428
0.7699047327041626,124290.5234375,0.9897111392212549,2.414092814295575,5.431677087583925,0.12061766535043716
0.7628142237663269,128574.6484375,0.9885785066389976,2.3950507992198915,5.409993394651796,0.10331754386425018
0.7211248874664307,126840.2890625,0.979001890074926,2.372227465479657,5.376502260008241,0.08782858401536942
0.7177491188049316,101782.71875,0.9779513173318579,2.342021738856122,5.355682596006776,0.08722013980150223
0.7542956471443176,94309.2421875,0.9870553268705136,2.3175714367320985,5.328702195921327,0.11854299157857895
0.6903483867645264,102615.703125,0.9673529099893029,2.301971232264325,5.299898370542909,0.14749689400196075
0.7366511821746826,135758.34375,0.983242672665154,2.2826927059581728,5.27767871264496,0.16030274331569672
0.7401692271232605,112264.8515625,0.9840811874951483,2.279075419276044,5.254367097654725,0.15487006306648254
0.7552328109741211,111631.0625,0.9872321778623848,2.2616203182628603,5.186066850462343,0.11980179697275162
0.7851036787033081,111114.7421875,0.9917799225334024,2.2170513027599306,5.042504533567811,0.05658428370952606
0.8012162446975708,110412.5625,0.993525723363198,2.121652399866864,4.8071672761825575,0.009739982895553112
0.8109675645828247,122493.3515625,0.9943984884427879,1.9835164898326845,4.492978318968202,0.0646551102399826
0.7532169222831726,126553.375,0.9868487953370091,1.8319642895153017,4.156001313963319,0.08497528731822968
0.7172598838806152,175171.1875,0.9777949275613111,1.6550681942394228,3.7982227647689832,0.026741525158286095
0.707798957824707,201644.921875,0.9745527533479363,1.3870532864025087,3.398206933775331,0.06735008955001831
0.7502032518386841,280436.34375,0.986254584339318,0.9288509243419618,2.9869329774765028,0.13237038254737854
0.7923919558525085,330359.6875,0.9926207259139621,0.3034713619640321,2.665515168943788,0.21117055416107178
0.7033892869949341,300843.78125,0.9728912487251332,0.39537545505256944,2.4566519105819715,0.3022598922252655
0.8060267567634583,222776.375,0.9939719072158303,1.137974942357257,2.330878480711366,0.3784489333629608
0.8461616635322571,317888.90625,0.9966833289543557,1.891538823277667,2.2200252855209364,0.4128981828689575
0.774182915687561,396158.5625,0.9903403682090216,2.2683193332263976,2.1612465227035536,0.4197594225406647
0.7502582669258118,317079.53125,0.986265663196737,2.910495007664874,2.053793176451112,0.3943083882331848
0.8076890707015991,285409.3125,0.9941189023983641,3.381648266942218,1.975644334593202,0.3316625952720642
0.860411524772644,258514.234375,0.9973187635710534,3.7395388728687315,1.9118053758529676,0.28139781951904297
0.7677651047706604,230579.640625,0.9893815068042284,4.011275494725421,1.8799383485702528,0.25310441851615906
0.7364299893379211,200846.15625,0.9831885417380318,4.164344990880206,1.8707420671371473,0.25898194313049316
0.6949825882911682,175733.328125,0.9694335422181658,4.255841458470538,1.8422033632186903,0.27207151055336
0.6929184794425964,173944.546875,0.9685227775669545,4.310805047185138,1.8092520082382215,0.26812681555747986
0.6924399137496948,168676.578125,0.9683079839101363,4.32648249927254,1.7686245286849989,0.24557723104953766
0.636152446269989,159200.4375,0.9310995453088772,4.32648249927254,1.7686245286849989,0.24557723104953766
0.7188960909843445,173082.03125,0.9783138177727786,4.349618638188556,1.7365305269149793,0.21158340573310852
0.7316209077835083,174170.0625,0.9819688064590728,4.35707970920296,1.7006780946640028,0.1600547879934311
0.7192918062210083,183088.921875,0.97843754750447,4.291389668614581,1.696302636900331,0.09677011519670486
0.652147650718689,165777.578125,0.944435993638684,4.069099152714923,1.7330448472885145,0.10332705825567245
0.7078714370727539,186861.96875,0.9745792327607798,3.6650688296863585,1.8147308671859754,0.13877378404140472
0.7095783948898315,203625.890625,0.9751952866671263,3.06266471210213,1.8921453798202528,0.16101251542568207
0.7546942234039307,200812.78125,0.98713083258568,2.41284200015755,1.886145814695741,0.17952822148799896
0.7901645302772522,316618.0625,0.9923731960282406,1.7606165057727843,1.80956290606537,0.1661747694015503
0.8635650873184204,344832.59375,0.9974421141187897,1.2121784335681944,1.6595928514389051,0.13443556427955627
0.8306120038032532,275504.28125,0.9958181428822548,0.8382141238758116,1.4302093828109754,0.08586692810058594
0.6257030367851257,194639.34375,0.9209480814589077,0.6289960986682921,1.126147493162538,0.026625782251358032
0.5733864903450012,198469.78125,0.8502456856723747,0.5443460589954405,0.7599823320297254,0.023304982110857964
0.8809652328491211,442701.90625,0.9980277821551939,0.5478927737781554,0.30074332598724496,0.0017907761503010988
0.7713595628738403,1285491.75,0.9899295075525683,0.647052968175128,0.37924791928253043,0.06630350649356842
0.5549296736717224,573486.6875,0.8170438804652256,0.7865230685779601,1.2995240842910754,0.18889375030994415
0.43913546204566956,75952.96875,0.5718357175763322,1.412957394749835,4.191191450318907,0.1396484673023224
0.8287071585655212,214861.5625,0.9956978017355473,1.4305584079334288,4.2086281931015,0.17708133161067963
0.6501662731170654,175634.34375,0.9429192722446744,1.430927479893878,4.201874271592711,0.22312204539775848
0.6449598670005798,171172.328125,0.9387560611606847,1.430927479893878,4.201874271592711,0.22312204539775848
0.670539379119873,152117.9375,0.9568691064444441,1.4176084643909483,4.182975069245909,0.26445895433425903
0.6727533936500549,174978.5,0.9581797707580058,1.4085991031238585,4.154594675263976,0.2651745676994324
0.5976186394691467,178587.75,0.8873118128322981,1.3899738437244444,4.08508254643402,0.23198199272155762
0.6255136132240295,176633.84375,0.9207528565541694,1.2797262317249327,3.690171972474669,0.025689641013741493
0.674368679523468,183765.0,0.9591126478520445,1.2797262317249327,3.690171972474669,0.025689641013741493
0.7279607057571411,188706.734375,0.9809834125796952,1.1970979816028624,3.3467586195083605,0.1697530299425125
0.7324806451797485,219130.296875,0.9821929880455111,1.104095662266925,2.9727986013504015,0.3568045496940613
0.7823662757873535,267444.75,0.9914402876048256,1.015543187291339,2.5956366216751086,0.5099257230758667
0.76291823387146,320763.9375,0.9885959735871146,0.9122659808704405,2.1147720968338,0.5570979118347168
0.7347365021705627,142776.21875,0.982768443315566,0.8056366092273741,1.6177804624649035,0.5169839859008789
0.8498801589012146,248119.21875,0.9968623187180986,1.4870574825695009,1.6638729726882922,0.5749931335449219
0.8634728789329529,296122.09375,0.9974385889066133,1.6314237469127626,1.7355153715225207,0.4369978606700897
0.8398935198783875,278649.71875,0.9963583425026503,1.7147357815196962,1.754960790834044,0.3494313955307007
0.840207040309906,278726.40625,0.9963753250885201,1.7635925167491884,1.749037996492003,0.28135472536087036
0.8474377989768982,282940.3125,0.9967458719375879,1.7785280102184267,1.7380411779495226,0.24186931550502777
0.8325178623199463,275425.40625,0.995935202177758,1.8052757137706728,1.727243677339171,0.18963360786437988
0.819740355014801,273832.21875,0.9950835023811844,1.8256280773570985,1.7212116872879015,0.12606945633888245
0.854777991771698,289042.34375,0.9970834917971557,1.8608262890270204,1.7119171774002062,0.004326246678829193
0.8412526249885559,331245.40625,0.9964313946994008,1.8937003963878603,1.7048428213211047,0.1874154508113861
0.8311060667037964,407765.84375,0.9958488062075639,1.9114625805309267,1.7022698080154406,0.3750927150249481
0.8146165609359741,434621.0625,0.9946942086868424,1.9088962429454774,1.6958959257217394,0.5274436473846436
0.8110907673835754,403875.1875,0.994408734337032,1.8994491451671571,1.6910488760086047,0.6047263741493225
0.8147351145744324,361354.0625,0.9947035523997829,1.882884775965497,1.6844246542068468,0.684336245059967
0.8301308751106262,347267.59375,0.9957880661721051,1.882884775965497,1.6844246542068468,0.684336245059967
0.8500897288322449,342756.9375,0.9968721153475462,1.904693400233075,1.6955707227798449,0.60406893491745
0.7571331262588501,357255.1875,0.9875835579214086,1.9239681118419618,1.7201411878677355,0.39479029178619385
0.770952045917511,387795.78125,0.9898688031935534,1.9452092998912782,1.7562687551589953,0.09100470691919327
0.8339771032333374,365138.59375,0.9960226248989685,1.9425294750621767,1.7568252241226183,0.3622044026851654
0.856038510799408,298146.6875,0.9971378578644654,1.9393766277721376,1.7572367345901476,0.6437894105911255
0.8353862762451172,235084.0,0.9961052747266489,1.9393766277721376,1.7572367345901476,0.6437894105911255
0.7019922733306885,155852.328125,0.972343646311618,1.9459312313487978,1.7595713293167101,0.9583431482315063
0.8203595876693726,94304.9453125,0.9951285887303338,1.9413717144420595,1.7624623930068957,1.2157416343688965
0.4921850562095642,52629.2109375,0.6824364842844204,1.9376714580944032,1.7684414541336047,1.4390779733657837
0.705706775188446,59029.046875,0.9737769422410603,1.8948581570079774,1.7553789770217882,0.986604630947113
0.8050132393836975,83757.90625,0.9938805052280804,1.8775117748668642,1.7477176344009386,0.8403916358947754
0.8507456183433533,100990.1640625,0.996902579578692,1.863846575587079,1.7437975561233507,0.6890106797218323
0.696686327457428,145232.0625,0.970166454966288,1.8591010921886415,1.734912649354552,0.6087620258331299
0.7768855094909668,181526.28125,0.9907181913268167,1.8473165386608095,1.7159369146438586,0.5594261288642883
0.79390949010849,198032.4375,0.9927848059207747,1.842794215052411,1.690378442964171,0.5239738821983337
0.8163127899169922,211086.640625,0.9948263539479698,1.852808749048993,1.6646278059097277,0.4670690894126892
0.8298884630203247,230519.453125,0.9957728310351921,1.8551376217296571,1.6500656759353625,0.40919122099876404
0.8792421221733093,243674.125,0.9979763165984514,1.8592393749645204,1.6511423742385851,0.3649345636367798
0.8446934819221497,249938.65625,0.9966098938711575,1.9089267605236024,1.7132461225601183,0.3970852792263031
0.7878237366676331,96698.6796875,0.9921042341993627,1.974747454493329,1.7919447576614367,0.435137003660202
0.3385792374610901,31661.3515625,0.4489371773213144,2.174668108790204,2.0250356351943957,0.468111127614975
0.743417501449585,56826.58203125,0.9848190705746801,2.924504076807782,2.95323063488922,0.5275071263313293
0.6675831079483032,141266.015625,0.9550599447024966,3.377743517725751,3.484969631394957,0.5943024754524231
0.7366486191749573,151893.421875,0.9832420464114929,3.788174425928876,3.9483893072219836,0.6419982314109802
0.8074051737785339,102033.8671875,0.9940940516558916,4.206232821314618,4.422923580369567,0.6836523413658142
0.7945676445960999,99126.6484375,0.9928548420683078,4.671406542628095,4.955344692430113,0.7212790250778198
0.7311067581176758,83658.546875,0.9818334345690448,5.106503283350751,5.4606759702774035,0.7257025837898254
0.7726254463195801,28725.11328125,0.9901158041527567,9.001249110071942,10.184867635926818,0.47817179560661316
0.6721293330192566,26925.18359375,0.957814111144168,9.79001215633659,11.134846464356993,0.5004860758781433
0.8486319780349731,25364.1015625,0.9968033353415078,10.16526201900749,11.592734590730284,0.5167846083641052
0.8704175353050232,21976.98828125,0.9976910084046919,10.745410715906903,12.304436937532042,0.5488234162330627
0.8078261613845825,15282.72265625,0.9941308654256878,11.61190394100456,13.388182417115782,0.468346506357193
0.8382218480110168,20023.3828125,0.9962664485437887,11.68513277706413,13.491711393556212,0.4287152588367462
0.7541518807411194,22700.798828125,0.9870279857767381,11.709895884363934,13.566086069306944,0.39837753772735596
0.6675230264663696,22276.7265625,0.9550224628803641,11.714900767176434,13.615843073091124,0.3651774823665619
0.805084764957428,19077.724609375,0.9938870003410639,11.707584177820966,13.641191736421202,0.33439502120018005
0.8839390277862549,16762.52734375,0.9981135528982514,11.707584177820966,13.641191736421202,0.33439502120018005
0.8626590371131897,17577.556640625,0.9974072644430387,11.711559092371747,13.64182640667877,0.30136245489120483
0.9037327170372009,18627.01953125,0.9985970209363197,11.722047602503583,13.63557983990631,0.302155077457428
0.8349272608757019,21077.796875,0.9960785419666052,11.719554697840497,13.631829515657042,0.4477332532405853
0.8447249531745911,20847.6171875,0.9966114848032164,11.725032603113934,13.656564489564513,0.8707502484321594
0.8816350102424622,20988.890625,0.9980474329820277,11.72586992916374,13.681288496217345,1.2499310970306396
0.8799723982810974,18979.5078125,0.9979982897695607,11.722110545008466,13.692131296357726,1.511298418045044
0.9595600366592407,16570.294921875,0.9993919418736346,11.714839732020184,13.711074129304503,1.7438817024230957
0.9479202628135681,16247.892578125,0.9992760851515294,11.712055003016278,13.723478571138,1.9538439512252808
0.8832970261573792,16967.751953125,0.9980953565600601,11.71728495296745,13.732417360505675,2.140566825866699
0.9377226233482361,17006.806640625,0.9991566020086405,11.72675875362663,13.734810129365538,2.3110511302948
0.9485293626785278,18700.005859375,0.9992826612067718,11.724794184534833,13.739645734986876,2.4929544925689697
0.9401265382766724,17211.46484375,0.9991864315862404,11.738517557947919,13.742408529481505,2.699916362762451
0.9314868450164795,15768.80078125,0.9990740337219604,11.748126780360028,13.7430679952713,2.8406572341918945
0.9284285306930542,16550.33203125,0.9990306360974959,11.763431345789716,13.748233572206114,3.137537956237793
0.8979080319404602,16651.830078125,0.9984692547782805,11.765558039515302,13.748371378144835,3.583141326904297
0.93770432472229,16536.98828125,0.9991563708063783,11.75956896480827,13.745066896638487,3.7087855339050293
0.918427050113678,17054.927734375,0.9988740292601832,11.734350001185224,13.74142815228424,3.9185643196105957
0.9342168569564819,17429.943359375,0.9991111312743695,11.715934550135419,13.74518276806793,4.1281256675720215
0.9377290606498718,16961.79296875,0.9991566833282952,11.71491793331413,13.747789636811827,4.331783294677734
0.8374925255775452,18873.3828125,0.9962256382143106,11.706683909266278,13.755727068147277,4.536460876464844
0.943352222442627,17960.677734375,0.999224809499049,11.715547358362958,13.770135179719542,4.719048023223877
0.9048603177070618,19753.50390625,0.998620497280594,11.748605524866864,13.767488733491515,4.883422374725342
0.902851939201355,19787.5078125,0.998578406468617,11.77210787472038,13.75629116650543,5.162380218505859
0.9053241610527039,20176.322265625,0.9986300402264814,11.778642451136395,13.74050165768585,5.522012233734131
0.8963742256164551,19786.57421875,0.9984337215263245,11.769960200159833,13.728493467530821,5.870566368103027
0.7992326021194458,18158.79296875,0.99333236190232,11.760404383509442,13.716835275849913,6.195836067199707
0.8994333148002625,17815.861328125,0.9985037931245265,11.74816874202995,13.700630441865538,6.507640838623047
0.8665251135826111,14899.83203125,0.9975527477417631,11.737252985804364,13.686459795198058,6.810708522796631
0.6843175888061523,12073.48828125,0.9644450560906817,11.740718638270184,13.681109682283019,7.079174995422363
0.48473113775253296,8568.373046875,0.665794453422673,11.75263765987663,13.677320257386778,7.342678070068359
0.38480129837989807,9988.984375,0.4905076450418622,11.693408762781903,13.64594771023712,6.74017333984375
0.49771830439567566,9167.876953125,0.6948666859254504,11.692485606043622,13.645459905824278,6.5464067459106445
0.7427564263343811,11636.9794921875,0.9846716505990933,11.69138506588249,13.644617811402892,6.313395023345947
0.5902965664863586,14655.833984375,0.8769135708851817,11.682201182215497,13.629268900117491,6.065060138702393
0.7634637951850891,15192.05859375,0.9886871642644461,11.676353251307294,13.616261259278868,5.914547920227051
0.7480977177619934,15537.533203125,0.8546918762838489,11.670053278773114,13.611366525849913,5.824305057525635
0.7817891240119934,16384.083984375,0.8594518445430899,11.662023341028974,13.614059702119444,5.7207489013671875
0.7486772537231445,15991.701171875,0.857976522731192,11.671092783777997,13.61799122448883,5.6339898109436035
0.798910915851593,17635.03515625,0.9933004709512376,11.694940363734052,13.63661457653961,5.55882453918457
0.8190414905548096,18301.841796875,0.9950321207703176,11.719905649988934,13.65918184872589,5.488452911376953
0.7839789986610413,16974.572265625,0.9916420199351104,11.731025492518231,13.676756635865782,5.333713054656982
0.787057638168335,18783.26953125,0.9920141914368598,11.74183443722038,13.68594433423004,5.128373146057129
0.8839244842529297,19648.693359375,0.9981131426170935,11.739028727381513,13.688388124665831,4.915915012359619
0.8498790860176086,20300.53515625,0.9362747143734576,11.72793940243034,13.68864323254547,4.7364983558654785
0.8554006814956665,19907.25,0.9971104755684435,11.700061594813153,13.693245664796446,4.6442790031433105
0.8238831162452698,20644.337890625,0.995377439294844,11.676397120325849,13.704832330903624,4.5678558349609375
0.8709970116615295,18947.916015625,0.997710915279874,11.665721690027997,13.7098329221817,4.509900093078613
0.9143404960632324,19827.005859375,0.9988029918623754,11.653026377527997,13.709393278321837,4.451748847961426
0.9398820400238037,17500.072265625,0.9991834464358775,11.638152872889325,13.701629892549132,4.381779193878174
0.9431495666503906,18919.556640625,0.9992224525207236,11.638152872889325,13.701629892549132,4.381779193878174
0.9173328280448914,18079.4453125,0.9988554313767972,11.644014155237958,13.69470955487213,4.276954650878906
0.8973000645637512,16968.185546875,0.9984552673893299,11.645747935145184,13.688000456056212,4.123794078826904
0.9108028411865234,17605.28515625,0.9987378945343584,11.650666987269208,13.680226579866027,3.937106132507324
0.9034834504127502,18212.1796875,0.998591777713928,11.645179545252606,13.666760221681212,3.7968125343322754
0.9281383156776428,18307.884765625,0.9990264139044337,11.637252604334638,13.653870836457823,3.67484188079834
0.8771917223930359,19710.4765625,0.9979133289804353,11.625797068445966,13.643930689057921,3.6239333152770996
0.8363170623779297,19714.783203125,0.996158928516838,11.59049395260124,13.58975817318878,3.6822381019592285
0.8829331994056702,18663.421875,0.9980849670106442,11.46796969112663,13.443594709596251,3.776632785797119
0.8112947940826416,19272.458984375,0.994425660939467,11.29238489803581,13.227886930665587,3.7889697551727295
0.8831976056098938,16495.81640625,0.9980925230667659,11.043596064417645,12.931771055421446,3.684746265411377
0.8964357376098633,20787.708984375,0.9984351622670699,10.676732813685224,12.508676305970763,3.5190682411193848
0.8910361528396606,20689.962890625,0.9983035193464133,9.846694743006513,11.582234159669493,3.281703233718872
0.8961791396141052,20477.599609375,0.9984291434465811,9.128728663294599,10.764243379792784,3.128293514251709
0.8931198120117188,21551.330078125,0.9983555795321243,8.362724100916669,9.854123607835387,3.0280847549438477
0.883747398853302,22330.392578125,0.9981081397580382,7.5955865734508485,8.947778240403746,2.935241222381592
0.8763624429702759,23407.88671875,0.9978873023412806,6.904945170252606,8.132958189210509,2.866487741470337
0.8915221095085144,25747.35546875,0.9983158060440536,6.2625387066295595,7.3592012157650935,2.817030191421509
0.8509914875030518,26897.970703125,0.9969139232834028,6.2625387066295595,7.3592012157650935,2.817030191421509
0.8341811895370483,32199.28515625,0.9960347018408267,5.6033990734508485,6.569579974374388,2.7665512561798096
0.7645322680473328,39271.69921875,0.9888636925127612,4.8599250667980165,5.672938123902892,2.6968531608581543
0.6625391244888306,44528.46875,0.9518115340389713,4.066481386988446,4.718209997377013,2.5758233070373535
0.7673527598381042,66811.171875,0.9893167990691166,3.1661737316539735,3.6438288843246447,2.4141135215759277
0.7865012884140015,92736.1328125,0.9919481671408686,2.1311557644298524,2.3951456701370226,2.2512762546539307
0.7293074727058411,51729.9921875,0.9813519018252794,1.0051534527233095,1.0328915273757922,2.1295549869537354
0.6691995859146118,37070.75,0.9560576646637685,8.141360724599078,8.741561158934022,1.8592654466629028
0.6814072132110596,34677.87890625,0.9629564560360881,8.173916543156817,8.775912507810975,1.894862174987793
0.8132799863815308,29550.591796875,0.9945877306262845,8.229277814061358,8.8012115800766,1.9178403615951538
0.7460569739341736,27793.0703125,0.9853940268819716,8.29574199977608,8.8189117753891,1.9338477849960327
0.6446066498756409,29479.76171875,0.9384640814732685,8.362160170705035,8.82055972460785,1.9407219886779785
0.7850067019462585,26579.5078125,0.9917681206457946,8.425079548985675,8.818015321531679,1.9578665494918823
0.7692567110061646,26620.11328125,0.9896123803893335,8.473454201848224,8.816777452268983,1.9520115852355957
0.7887484431266785,26785.298828125,0.9922115853077407,8.505632842213824,8.819785341062929,1.8552769422531128
0.5961945056915283,29311.162109375,0.8853436298019575,8.507012093693927,8.818982347288514,1.6953139305114746
0.6935834288597107,27846.546875,0.9688189434144485,8.48936959567757,8.808446153440858,1.5225350856781006
0.7131931185722351,27039.79296875,0.9764530314867441,8.465253556401446,8.7721588457016,1.382814645767212
0.7098687887191772,26308.2265625,0.9752986602054208,8.446020091206744,8.737158998289491,1.307808518409729
0.7027418613433838,27719.810546875,0.9726387665638107,8.437576258809283,8.70632861498871,1.259981632232666
0.6889329552650452,27666.931640625,0.9666912446820966,8.437576258809283,8.70632861498871,1.259981632232666
0.6902469396591187,27549.513671875,0.967305901962553,8.430700743825152,8.675450547972108,1.2395063638687134
0.628076434135437,27235.583984375,0.9233597380581926,8.422488892705157,8.646338685789491,1.2728782892227173
0.742761492729187,27028.884765625,0.9846727857099968,8.419465983540729,8.618251069822694,1.3460685014724731
0.6543350219726562,28886.017578125,0.9460682853242359,8.406316960484698,8.588111146726991,1.3866171836853027
0.7618073225021362,28785.798828125,0.9884080506615749,8.11309548679085,8.743460878172304,1.4499461650848389
0.7357251048088074,29274.552734375,0.9830149052312274,8.109320843846515,8.741576417723085,1.4646633863449097
0.74803626537323,29809.974609375,0.985811190957494,8.110246146352008,8.73925326708832,1.4656788110733032
0.728920578956604,29539.814453125,0.9812467570641862,8.119092429310992,8.736958726683046,1.4533398151397705
0.7544271349906921,29367.87890625,0.9870802834940701,8.124828303487018,8.729882463255311,1.4540849924087524
0.7513849139213562,29316.44140625,0.9864906370609656,8.122448647649005,8.72684977892914,1.4649156332015991
0.6981421709060669,29001.630859375,0.9707795030684649,8.166683161885455,8.709552034178163,1.4701993465423584
0.6182656288146973,29355.7109375,0.9129714847604836,8.337125981480792,8.598637803831483,1.486682653427124
0.5708827972412109,41819.40625,0.6997369252295365,8.67122753921242,8.29697917346039,1.484771966934204
0.5604301691055298,38749.78125,0.827364216297408,9.08234974208565,7.837706788816835,1.4938654899597168
0.670272171497345,26734.38671875,0.9567083842904178,9.529940570027545,7.287220224180604,1.5086863040924072
0.608508288860321,39917.80078125,0.9015063617348307,9.917193377644733,6.738123163023378,1.5556607246398926
0.5823689103126526,56000.0859375,0.8648713752945508,10.171285772950366,1.975588067808534,1.4562512636184692
0.701641857624054,30549.083984375,0.8434919120050918,10.077693308026507,0.6802923524765028,1.4724764823913574
0.6694893836975098,35432.01171875,0.8313296240208368,10.010714793832019,0.4607975637527453,1.5640512704849243
0.7620491981506348,56346.953125,0.9884492234322977,9.984796310097888,1.4973948156448351,1.6524392366409302
0.7636748552322388,56602.3359375,0.9887222508351505,9.983503306538775,1.952049986085509,1.6932841539382935
0.6886720657348633,49929.48828125,0.966567917994124,9.970878625542834,2.677931562623595,1.7654556035995483
0.7085850834846497,50038.23828125,0.9748385522782488,9.924706185490802,3.411126390657042,1.7324680089950562
0.3390212655067444,59896.26171875,0.44923601466359603,9.740658486516192,4.351959720811461,1.5203607082366943
0.5330167412757874,89148.65625,0.7728056075669112,9.263083780438617,5.4804290687652575,1.3022910356521606
0.6118496656417847,52464.14453125,0.9055634193707333,8.52896806064339,6.508712128362273,1.1916332244873047
0.7013702392578125,47023.90234375,0.9720964476953321,7.73882552448006,7.330080852470015,1.0216808319091797
0.705486536026001,66210.4921875,0.9736939732644989,7.73882552448006,7.330080852470015,1.0216808319091797
0.7190758585929871,45674.7734375,0.978370110842936,7.037776196629718,7.882898673972701,0.8489670157432556
0.6331198811531067,40043.23046875,0.9282763007432708,6.377269948155597,8.301243559083556,0.6884167194366455
0.7321525812149048,33037.140625,0.9821077640201208,5.7444522029468565,8.600892797669982,0.5662521719932556
0.6737729907035828,34759.28125,0.9587708857097303,5.171111786992267,8.779506579598998,0.4845537841320038
0.7125016450881958,42119.96484375,0.976217260144576,4.687288964421466,8.850480452737425,0.48341846466064453
0.7003440856933594,47218.47265625,0.9716840515264473,4.107431138188556,8.749260441026305,0.701971173286438
0.8031684160232544,67773.8984375,0.9937105995071226,1.1909649020740538,7.271828920206641,0.9963261485099792
0.8100219964981079,83341.2265625,0.9943192307557026,0.2305757648059874,6.528948262891387,0.9301102757453918
0.7623901963233948,108769.9765625,0.9885070256754056,0.6155135982921571,5.822765365800475,0.820280134677887
0.6258888244628906,154661.03125,0.9211391626898864,4.505229746668622,0.4268620168777453,0.9988835453987122
0.8115517497062683,219933.0,0.9944469065044319,4.899991785853192,0.9288980806259168,0.9380432367324829
0.7973788976669312,226994.515625,0.9931465102850623,5.181121622889325,2.0729143464950575,0.8850734233856201
0.7028330564498901,194035.25,0.9726744657385704,5.393739497034833,3.0261900270370496,0.8478092551231384
0.7682836055755615,123379.578125,0.9894623271328767,5.522044932215497,3.69514582995453,0.8913334608078003
0.8217746019363403,108505.4765625,0.9952300825631384,5.545430933802411,4.106815561094667,0.9819104075431824
0.8077889680862427,92431.2109375,0.9941276222032287,5.517350947230145,4.284052118101503,1.04061758518219
0.8022582530975342,86954.75,0.9936250635763493,5.470039164393231,4.352208360472108,1.0861257314682007
0.7679023742675781,81727.6875,0.9894029624779148,5.40190294918327,4.371826394834901,1.1211944818496704
0.779300332069397,89162.421875,0.9910434548928475,5.250045573084638,4.295464738645936,1.1597274541854858
0.6990249156951904,68689.1796875,0.9711453819444811,4.921884333460614,4.073064073362733,1.2008224725723267
0.826408326625824,91024.609375,0.9955479838341785,4.487729822962567,3.8097450578598036,1.265744924545288
0.7989004254341125,102372.0625,0.9932994284481924,3.9888542049816103,3.529144510069276,1.3371280431747437
0.7515832185745239,123833.21875,0.9865298610958089,3.4817417019298524,3.2464849794296278,1.410843849182129
0.7622284889221191,140122.15625,0.9884796502674126,2.949497973292157,2.9309351289657606,1.5033725500106812
0.7250224351882935,163885.375,0.9801548715262758,2.376577174036786,2.5930416429428114,1.6110520362854004
0.8172280192375183,110714.9453125,0.9948962946871642,1.8088806026866884,2.2654402101425184,1.8459577560424805
0.7281472682952881,199870.78125,0.9810348751774187,1.0785310619762392,1.8185856187728895,2.1961913108825684
0.8073522448539734,334510.125,0.9940894070733188,0.11525610622672744,1.2163040483383192,2.3717644214630127
0.6933581829071045,112756.65625,0.9687189159321077,0.8727638370105772,0.5274016702560438,2.358812093734741
0.7770782709121704,118087.28125,0.9907445767917523,4.347198689610675,1.6039745962234484,2.2306132316589355
0.808894157409668,110878.8515625,0.9942232414801886,4.365215027959064,1.5926506673904406,2.215231418609619
0.83073490858078,96653.1328125,0.9958257917445962,4.34076472583504,1.5878427183242785,2.206958293914795
0.7641319036483765,88604.2890625,0.988797864978677,4.293241704137042,1.5836517965408312,2.1660821437835693
0.709535539150238,63297.8984375,0.975179995990278,4.245758736760333,1.5780742323013293,2.0806875228881836
0.731083333492279,58340.87109375,0.9818272436376698,4.198861802251056,1.5774800932022082,1.9845776557922363
0.7902514934539795,66845.8046875,0.9923830120869904,4.1691653377124815,1.600513235292052,1.9028412103652954
0.7949044108390808,78662.015625,0.9928904181698162,4.1691653377124815,1.600513235292052,1.9028412103652954
0.7143173813819885,55165.07421875,0.9768315918068359,4.171947682530597,1.6158859884353625,1.8368370532989502
0.7988195419311523,102395.5234375,0.9932913849803022,6.284422124058917,1.4388139402481066,1.1159794330596924
0.7272887825965881,128404.8203125,0.9807969434428521,6.284422124058917,1.4388139402481066,1.1159794330596924
0.697845458984375,98013.7265625,0.9706555368325294,6.807421887547687,1.2871883070083605,1.0238145589828491
0.7757672667503357,102876.9453125,0.9905636577447022,7.104218209416583,1.1969916975112902,0.9647723436355591
0.7387405037879944,84860.546875,0.9837456937200968,7.223713124425128,1.1417124425979601,0.9302147030830383
0.7100127339363098,77976.2421875,0.9753497484517768,7.24487587276192,1.093224302491759,0.870595395565033
0.6909204721450806,82874.1484375,0.9676168094560688,7.218760455281451,1.0685856496902453,0.8774904012680054
0.7766282558441162,76644.3125,0.9906828626992079,7.158065045506671,1.074355379304503,0.8548067808151245
0.7473891973495483,76275.9453125,0.985676107330731,7.075846398503497,1.097006097993468,0.821284830570221
0.7207997441291809,78309.9765625,0.9789028387588234,7.075846398503497,1.097006097993468,0.821284830570221
0.7447584271430969,98631.359375,0.9851138676183979,6.969698155553058,1.162264600953673,0.8061683773994446
0.7431812882423401,98718.7265625,0.9847665542083076,6.840635264546588,1.3236987745376574,0.8373993039131165
0.715651273727417,90752.71875,0.9772731631027383,6.683452332646564,1.6258804952713,0.8800255060195923
0.7569311261177063,81019.1328125,0.9875466610639266,6.524598324925616,1.9830215131851183,0.9076643586158752
0.7278556823730469,78054.0546875,0.9809543828624052,6.361226285130694,2.3999245321365343,0.9280135035514832
0.7719363570213318,74422.5703125,0.9900148169884129,6.20534106555672,2.862321630677794,0.9700866937637329
0.7149786949157715,114843.4765625,0.9770515326907938,5.933944905430987,3.511292234620665,0.9405626654624939
0.7295701503753662,97454.21875,0.9814229633623972,5.0170843249866515,5.454411998948668,0.8490477204322815
0.7129097580909729,67083.2265625,0.9763566865534906,4.465396130711749,6.469526365956877,0.8838164806365967
0.7473918199539185,61038.16796875,0.9856766573554226,3.8942763454029112,7.3952012998970496,0.9308182597160339
0.7635897994041443,65386.90234375,0.9887081240418605,3.5594756251880675,7.881516740283583,0.9583554863929749
0.7188721895217896,53277.73828125,0.9783063225648727,2.9368979579517394,8.69005514737091,0.995000422000885
0.7374764084815979,48553.75390625,0.98344313426244,2.320484364659503,9.458641782960509,0.9705086350440979
0.7101923227310181,48772.1171875,0.9754133453130234,1.7676126605579405,10.131140485963439,0.930578887462616
0.6705267429351807,55503.2890625,0.9568615183442312,1.0349342471668272,10.843299165925597,0.9046799540519714
0.5289965271949768,57304.59765625,0.7642327372726598,0.1443479412487001,11.604001299104308,0.8381230235099792
0.6634836196899414,50897.63671875,0.9524356881094679,1.6672332638195009,12.285345808229064,0.7648146748542786
0.7276784181594849,29157.3125,0.9809052876609239,3.403195177882001,12.867682710847472,0.6989865303039551
0.715660035610199,25427.560546875,0.977276036725283,4.711532389490888,13.139425531587218,0.6750765442848206
0.4049849212169647,16557.966796875,0.5163061541859075,4.711532389490888,13.139425531587218,0.6750765442848206
0.34319984912872314,12583.1416015625,0.45214405203375413,5.522159373133466,13.061890379151915,0.7348065376281738
0.7573090195655823,26370.36328125,0.9876155989773084,5.902293955652997,12.778995290956114,0.7838016152381897
0.8433276414871216,29928.365234375,0.9965401269710832,5.971576487391278,12.33991743679962,0.8230761289596558
0.3901588022708893,15514.9599609375,0.4968586889096493,5.575784479944989,10.489978090486144,0.7934597730636597
0.7283980846405029,26395.55859375,0.9811038496699622,5.217692171900556,9.358042613229369,0.7887930274009705
0.7699598073959351,28951.7734375,0.9897194899605832,4.898165499537274,8.483585134706114,0.789819061756134
0.7278430461883545,32730.65234375,0.9809508871758552,4.555740153162763,7.665345833263014,0.7930073738098145
0.7218698263168335,37214.25390625,0.9792271404716659,4.281129633753583,7.0017869925113665,0.7972614765167236
0.6746220588684082,45526.82421875,0.9592572207000998,3.964594637720868,6.278138056954955,0.8441847562789917
0.35862016677856445,21373.0078125,0.4642608099730677,3.964594637720868,6.278138056954955,0.8441847562789917
0.6087496280670166,46524.65625,0.901804024393654,3.27158240017204,4.793896452149962,0.8038161993026733
0.8115761280059814,81513.046875,0.9944489179712723,2.7976405971935243,3.776043430528258,0.7622937560081482
0.7931690216064453,111565.328125,0.9927051996180369,2.351731097071454,2.868736997804259,0.7689540386199951
0.6863572597503662,142641.734375,0.9654547070370674,1.9099595898082704,2.0270745908828722,0.7927263379096985
0.7119502425193787,162731.109375,0.9760276283093274,1.9099595898082704,2.0270745908828722,0.7927263379096985
0.8100410103797913,101087.78125,0.9943208353941617,1.5299957149913759,1.3285706197830187,0.817956268787384
0.7563234567642212,80650.4609375,0.9874350174742519,1.2673719280651063,0.8077328359695422,0.8067275881767273
0.8051614761352539,95283.921875,0.9938939588011992,1.1271188610485048,0.4960620557876574,0.7701558470726013
0.681776225566864,149129.359375,0.9631483736803474,1.0496557110240907,0.33008410092315543,0.7268141508102417
0.5476877093315125,167642.046875,0.8029447937309763,1.0134809368541688,0.2569778120132433,0.6893842816352844
0.8392453193664551,369178.1875,0.9963229799951984,1.0094888561656923,0.22120453473052848,0.6915816068649292
0.8610185980796814,669464.1875,0.9973429607179225,1.0220439785411806,0.1956947004409777,0.7265098094940186
0.824424147605896,497709.4375,0.9954145162144619,1.041865145533368,0.1817343389602648,0.747610330581665
0.8289346098899841,633697.9375,0.9957123501241878,1.0698125713756532,0.16843964215240348,0.7534277439117432
0.8341468572616577,800671.875,0.9960326727672724,1.0797145718028993,0.15395094510040153,0.7277666330337524
0.7852287888526917,714796.0,0.9917951235447935,1.0682475918224306,0.14025093670806754,0.6979408860206604
0.8112454414367676,650441.1875,0.9944215711870893,1.0602825039318056,0.12426258679351676,0.6849799156188965
0.8237445950508118,774358.0,0.995367898716891,1.0556199901988954,0.12167765255889762,0.6816208362579346
0.8280966877937317,896392.625,0.9956585116848523,1.0498235577037782,0.1127336179824816,0.6718024015426636
0.8108329772949219,968330.8125,0.9943872745311038,1.0498235577037782,0.1127336179824816,0.6718024015426636
0.80661940574646,936509.0625,0.9940247265671595,1.0427177303722353,0.09510256405792106,0.6495229005813599
0.8318773508071899,1086782.0,0.9958962291207182,1.0187299602916688,0.0836646711441027,0.5720276832580566
0.8174431324005127,1118515.75,0.9949125968548643,0.9944856518199892,0.07646395321807731,0.5525544285774231
0.8040553331375122,1168459.0,0.9937928581654578,0.9668290966442079,0.07219816800079215,0.5444307327270508
0.825481653213501,1228798.375,0.9954861370766739,0.9560830944469423,0.05052019711456168,0.5487412810325623
0.8379501104354858,1055574.875,0.996251294587724,0.9880988949230165,0.021983877381895667,0.5617514252662659
0.7691230773925781,651396.1875,0.9895918990522465,1.2389676922252626,0.044938310423280114,0.631344199180603
0.820489764213562,491567.71875,0.995138014600415,1.5365579479625673,0.10333321932830941,0.6920297145843506
0.8782975077629089,490282.71875,0.9979475372701974,1.9422519558361024,0.1637270296005262,0.7305554747581482
0.7771307229995728,235254.71875,0.9907517437247578,1.9422519558361024,0.1637270296005262,0.7305554747581482
0.710222601890564,105549.390625,0.975424052437089,2.5140836590221376,0.2444922769454969,0.6778050065040588
0.8556340336799622,313930.21875,0.9971205236049411,3.184985911219403,0.3199641549972547,0.5961344242095947
0.8192092776298523,351857.0,0.9950445051230261,3.7642591350963563,0.38066743258514535,0.5836000442504883
0.8044785857200623,217459.421875,0.993831737318007,4.09941271480827,0.42612479571380746,0.6816680431365967
0.7257893681526184,222749.59375,0.9803744369444272,4.247756754725263,0.4548766458419813,0.8935869932174683
0.7507030367851257,224051.40625,0.9863549106253213,4.3091132992198915,0.46646474246063363,1.109404444694519
0.7516424655914307,221241.546875,0.9865415583639933,4.3255012386730165,0.4782841051010145,1.2883070707321167
0.703485906124115,203520.53125,0.9729287372687387,4.320163523524091,0.4892713869003309,1.493510365486145
0.7207104563713074,173822.796875,0.9788755595369245,4.291690623133466,0.49854491595306527,1.7565964460372925
0.7126112580299377,131326.84375,0.9762547852018144,4.26005724605827,0.5108826005844129,2.037883758544922
0.810127854347229,99423.34375,0.9943281587069834,4.246146952479169,0.5183226907638563,2.3445487022399902
0.7097225785255432,55853.53515625,0.9752466643728523,4.249972140162274,0.5435755098251356,2.6042020320892334
0.6436179876327515,36050.6640625,0.9376402608011006,4.249972140162274,0.5435755098251356,2.6042020320892334
0.37949439883232117,23965.955078125,0.4845582235769498,4.256950175135419,0.5636532152084364,2.7966508865356445
0.3243647515773773,21333.552734375,0.4401693999770394,4.272290026514813,0.5743887269882215,2.966540575027466
0.2984773814678192,18863.2265625,0.42784280251951246,4.3654535168102235,0.6765835130599989,2.851067066192627
0.29794609546661377,21364.783203125,0.4276319749860116,4.3882711285045595,0.679344400205995,2.7588067054748535
0.5842090845108032,26452.6796875,0.8677393157678255,4.401057040064618,0.6789676988510145,2.656383752822876
0.7265171408653259,35867.51171875,0.9805806195700595,4.406611239283368,0.6830217683700575,2.5187251567840576
0.7638692855834961,51872.20703125,0.9887544784057742,4.397923266260907,0.6696359956649793,2.341634750366211
0.8152660727500916,70783.484375,0.9947451997721009,4.375821863978192,0.656247361936952,2.18379282951355
0.7924494743347168,76483.8515625,0.9926270116320058,4.347776209681317,0.6460716569808973,2.0593559741973877
0.7686068415641785,89067.859375,0.9895124048986984,4.303495203821942,0.6534740770248426,1.955603837966919
0.8129168748855591,97174.1796875,0.994558439431616,4.303495203821942,0.6534740770248426,1.955603837966919
0.7804148197174072,105582.9609375,0.9911897593740404,4.265179430811688,0.6664812410263075,1.8438349962234497
0.792851984500885,113602.53125,0.9926708509304873,4.253472124903485,0.6759178483871473,1.734533667564392
0.7877449989318848,119442.359375,0.9920950262047951,4.243058955042645,0.67461417559662,1.6345113515853882
0.7417234778404236,127587.9375,0.9844385079623004,4.238350664942548,0.6759245241073621,1.4795091152191162
0.6951382160186768,150147.671875,0.9695011909903171,4.220701968043134,0.6768028581527723,1.2988524436950684
0.6581190824508667,170942.046875,0.9487902439155033,4.2091024273326845,0.6745312059310926,1.1358543634414673
0.7428863048553467,185563.796875,0.9847007231990833,4.209019457667157,0.6720640504745496,1.0045109987258911
0.7082692980766296,183788.640625,0.9747241180150901,4.216495310633466,0.669583543577577,0.9038528800010681
0.7171248197555542,198911.984375,0.9777515651577704,4.216495310633466,0.669583543577577,0.9038528800010681
0.7393167614936829,205621.109375,0.9838818302020107,4.228680407374188,0.6735718095687879,0.8386921882629395
0.6973146796226501,193925.046875,0.9704325318877052,4.24787691768913,0.6756813371566786,0.8167856335639954
0.6700179576873779,196410.234375,0.9565549652513254,4.25603178676872,0.6802332246688856,0.7997654676437378
0.6922914385795593,195932.828125,0.9682410632795673,4.239636217921063,0.7080490434555067,0.7587120532989502
0.7484198212623596,203964.671875,0.9858906754734262,4.190153872340009,0.9120046937850965,0.7454529404640198
0.8441597819328308,251429.171875,0.9965828006428228,4.140650545923993,1.3915083253768934,0.7449292540550232
0.7259138226509094,225065.84375,0.9804098450092713,4.08208159145622,2.0950538957504286,0.7619430422782898
0.7533246874809265,211012.203125,0.9868695719489373,3.9994752758434267,2.9042808854965223,0.7831640839576721
0.7641921639442444,213963.375,0.9888077972705586,3.9078071468761415,3.5373279893783582,0.8029190897941589
0.6428708434104919,104878.546875,0.9370112356859244,3.773233210413739,4.040174707212831,0.8120648264884949
0.7186630368232727,87199.1796875,0.9782406284183565,0.02222326931266494,5.286069139280702,0.5924983620643616
0.7140200734138489,129024.578125,0.9767320545702336,0.05248430904655166,5.3010380113510145,0.5851404666900635
0.7163273692131042,116124.0,0.9774938792488826,0.06373766598014541,5.319356187620546,0.5782209634780884
0.7336443662643433,108551.9921875,0.9824921353243655,0.047106539576336814,5.3313982332138075,0.579133152961731
0.7779302000999451,109340.359375,0.9908603085758069,0.022866045801922752,5.3323747957138075,0.5846186876296997
0.7177382707595825,111251.8828125,0.9779478611379424,0.006053721277996971,5.332683786192323,0.5871570706367493
0.7258832454681396,109770.796875,0.980401151336119,0.0026447421619444356,5.320794328489686,0.5723347067832947
0.7319250702857971,104384.1015625,0.9820484295303241,0.012057507664874123,5.298275216856386,0.592305600643158
0.7542247772216797,105686.859375,0.9870418560835796,0.006599629552081154,5.178955301084901,0.6150745749473572
0.6417471170425415,70704.2578125,0.9360546187516748,0.006599629552081154,5.178955301084901,0.6150745749473572
0.28041255474090576,29112.15625,0.4214704577635139,0.01706334415169053,4.824892267027284,0.6409583687782288
0.3687874674797058,39143.8671875,0.4735501887810265,0.038832867772296,4.237043603697206,0.6473731994628906
0.6753532290458679,119179.1015625,0.95967175753749,0.08188744846077256,3.483689531126405,0.6719918847084045
0.7012431621551514,206534.75,0.9720456888830447,0.13852807346077256,2.7005722368148817,0.7246044278144836
0.7264725565910339,270359.59375,0.9805680489961608,0.2082216388294249,1.596381410398866,0.7961923480033875
0.7497451901435852,354938.46875,0.9861620010985888,0.2082216388294249,1.596381410398866,0.7961923480033875
0.7953633069992065,431465.21875,0.9929386145473784,0.25750180545540147,0.9269926393417371,0.8574416637420654
0.849198579788208,519395.46875,0.9968302458456063,0.3161613589832335,0.3382990205673231,0.8664831519126892
0.8117653727531433,1251619.375,0.994464508156734,0.8593008166858702,0.37326453570404183,0.7130711078643799
0.8091803193092346,1396496.75,0.9942477474491664,1.8325187808582335,0.20179913882293832,0.25509870052337646
0.7392078638076782,906744.875,0.9838561891995583,2.718623841435626,0.13262821789703239,0.07090508192777634
0.850429117679596,432642.96875,0.9968879160395119,2.9886181003162413,0.2526504838851942,0.445478618144989
0.8449705243110657,378992.125,0.9966238735790902,2.9451172000476866,0.1599733674911512,0.4569963812828064
0.8371421694755554,376531.96875,0.9962058762226857,2.8782384044239073,0.019702180662537927,0.4751696288585663
0.8260434865951538,379623.5625,0.9955237352077948,2.8283521777698546,0.059593454560850745,0.48454511165618896
0.8375763893127441,389496.5,0.9962303534188903,2.8283521777698546,0.059593454560850745,0.48454511165618896
0.8550257682800293,410438.1875,0.9970942589143816,2.7743165141651183,0.11879231091461051,0.4768257737159729
0.7874292135238647,371493.28125,0.99205799006575,2.7325455791065245,0.1538117086502062,0.4776259660720825
0.8267159461975098,431089.25,0.9955683280416601,2.694733346135333,0.15596748944244254,0.518811821937561
0.7993069291114807,414896.8125,0.9933397090905715,2.67749568286629,0.1382744466873156,0.6070995330810547
0.8050873875617981,430903.125,0.9938872383861225,2.6823842174121886,0.10890413876495231,0.8326493501663208
0.8055770993232727,432985.53125,0.9939315237545907,2.684977257878497,0.0733349477859484,1.1048083305358887
0.7996483445167542,390771.71875,0.9933733550389404,2.6867501384326964,0.05548502560577262,1.3360487222671509
0.8326983451843262,324341.46875,0.9959461174406068,2.6867501384326964,0.05548502560577262,1.3360487222671509
0.8208889365196228,286547.34375,0.9951668053661287,2.6875035411426573,0.04158617611846793,1.5415599346160889
0.7645490765571594,244150.375,0.9888664478441771,2.6872779971668272,0.032295480928038245,1.7249915599822998
0.7932403087615967,203601.1875,0.9927129011478264,2.673307622105792,0.01265503521880973,1.9186761379241943
0.8387531638145447,141851.359375,0.9962959027621755,2.6496340877124815,0.005165353974913245,2.1965813636779785
0.7680249214172363,54010.22265625,0.989422081027372,2.6465956813404112,0.0031969392684949582,2.515108585357666
0.39610010385513306,40849.89453125,0.504317329822591,2.7697040683338194,0.11998341921844613,2.200240135192871
0.606564462184906,47726.1640625,0.8990824052524762,2.756197655827716,0.11825345400848519,2.108830213546753
0.7520046830177307,57161.83203125,0.9866128562061622,2.7444097644397765,0.10642312411346566,2.011549949645996
0.730533242225647,94960.859375,0.981681270269517,2.7361986285755187,0.08086512927093636,1.9048112630844116
0.7678195834159851,107703.7734375,0.9893900270956124,2.7407667285511046,0.07082103137054574,1.786364197731018
0.8318913578987122,114512.4609375,0.9958970853599707,2.762660706670001,0.057113393583680505,1.6063159704208374
0.7659876346588135,139578.890625,0.9890998005166839,2.762660706670001,0.057113393583680505,1.6063159704208374
0.7764683961868286,204627.484375,0.9906608425479445,2.8191797381946593,0.0622856462387098,1.3972339630126953
0.8104037046432495,253757.859375,0.9943513584217882,2.8578579074451476,0.08627007845916879,1.2265726327896118
0.8099418878555298,275836.0,0.9943124652212421,2.871075833470538,0.08942912463226449,1.1197526454925537
0.811564028263092,291494.40625,0.9944479197071084,2.871075833470538,0.08942912463226449,1.1197526454925537
0.8397778272628784,311113.78125,0.9963520557793616,2.8654987460681944,0.08014319781341683,1.0318576097488403
0.8064794540405273,322924.96875,0.9940122949569873,2.8605615741321593,0.08437226656952035,0.91353440284729
0.8023356199264526,348281.4375,0.9936323789493181,2.8605615741321593,0.08437226656952035,0.91353440284729
0.8255035877227783,387574.53125,0.995487610804815,2.855453217656329,0.09023307208099496,0.7579809427261353
0.800016462802887,386515.84375,0.993409444223587,2.862006867558673,0.11337731722870004,0.5325335264205933
0.7895504236221313,413039.4375,0.9923035217435762,2.863793099553302,0.1288907373336805,0.2956251800060272
0.8529283404350281,375152.875,0.9970018509717284,2.863793099553302,0.1288907373336805,0.2956251800060272
0.8165028095245361,317709.46875,0.9948409527504283,2.849151814610675,0.1465294206527723,0.19828179478645325
0.8077083826065063,342059.15625,0.9941205890883681,2.8335849887439757,0.15681908968963754,0.18471024930477142
0.844501793384552,320321.25,0.9966001874901287,2.8335849887439757,0.15681908968963754,0.18471024930477142
0.8395657539367676,329827.0,0.9963405037176389,2.8282954341480284,0.15819238070526254,0.1311330795288086
0.7991663813591003,306328.1875,0.9933258093006345,2.826060021550372,0.13333676699676644,0.06421958655118942
0.7917529940605164,327514.78125,0.9925505421212725,2.8310796863147765,0.1201002443222059,0.025133786723017693
0.8235071897506714,321611.25,0.9953515020547875,2.8310796863147765,0.1201002443222059,0.025133786723017693
0.8353846073150635,298313.9375,0.9961051778583472,2.850887025029376,0.14564631823578011,0.025788214057683945
0.7678813338279724,274944.90625,0.9893996765558132,2.8670885211536437,0.06553290728607308,0.06781506538391113
0.8551868200302124,340720.34375,0.9971012361896276,2.8670885211536437,0.06553290728607308,0.06781506538391113
0.8263197541236877,420848.40625,0.9955421089892786,2.87717887225838,0.3685472166152941,0.15075314044952393
0.8200158476829529,367340.65625,0.9951036118895434,2.8996178752491026,0.9837715780349718,0.21202318370342255
0.8698784112930298,396857.28125,0.997672332957594,2.9187948352405577,1.614626661500548,0.22413745522499084
0.8566518425941467,311202.5625,0.9971639448589167,2.9187948352405577,1.614626661500548,0.22413745522499084
0.6376128196716309,236445.265625,0.9324243010890889,2.9576522952625304,2.1125743543716418,0.194457545876503
0.7849183082580566,234770.828125,0.9917573487701723,0.6172063702037782,3.1760060941787707,0.012794187292456627
0.7978241443634033,206075.234375,0.9931916125161202,0.6125829571178407,3.1869924223037707,0.014495800249278545
0.7724697589874268,213374.421875,0.9900930761056876,0.6125829571178407,3.1869924223037707,0.014495800249278545
0.7636090517044067,205637.6875,0.9887113231504492,0.6010797375133485,3.177917734346007,0.008379535749554634
0.8156746625900269,193631.5,0.9947770276610425,0.607442652552411,3.167880312165831,0.008946336805820465
0.8154969215393066,190388.390625,0.9947632057325919,0.6190269344737978,3.1651561414810168,0.011503693647682667
0.812388002872467,192750.125,0.9945154955788892,0.6271646374156923,3.1629865324111925,0.03840632736682892
0.7474890947341919,207839.921875,0.9856970437756967,0.6339090221813173,3.1692140256973254,0.03799500688910484
0.7788940668106079,238235.21875,0.9909895294229238,0.6427753323009462,3.1740081464858996,0.03765386715531349
0.7519241571426392,234795.640625,0.9865970377015348,0.6568734997203798,3.165907636842345,0.01493503712117672
0.820776641368866,204785.53125,0.9951587230850658,0.6568734997203798,3.165907636842345,0.01493503712117672
0.7778915166854858,222497.8125,0.990855084575772,0.6385801189830751,3.149494425019835,0.056115083396434784
0.8185941576957703,199885.453125,0.9949989530479362,0.6064164989879579,3.1172449743362414,0.08929978311061859
0.8253703117370605,204142.34375,0.9954786489298214,0.595902239649579,3.10309578534088,0.09534600377082825
0.799172580242157,196097.859375,0.9933264229567158,0.5840680950572938,3.09580875988922,0.06790623813867569
0.7698847651481628,163939.734375,0.9897081099773735,0.5617902630260438,3.0460336362930285,0.050079911947250366
0.6589998602867126,156726.375,0.9494056850550752,0.4977128857067079,2.9172237073989855,0.057492490857839584
0.5690581798553467,113678.84375,0.8428317133817558,0.40526941952018447,2.719804063996886,0.0771307423710823
0.8198269009590149,204611.90625,0.9950898285851164,0.3378484600475282,2.576209799012755,0.05696028843522072
0.722152590751648,298419.71875,0.979312029776101,0.3378484600475282,2.576209799012755,0.05696028843522072
0.8104698061943054,265477.71875,0.9943569037557416,0.3191869610240907,2.5080859815689074,0.0006833031075075269
0.8099126815795898,259878.203125,0.9943099966342087,0.3132140987804384,2.4908812200637804,0.025522787123918533
0.8064935803413391,262351.1875,0.9940135509265053,0.301621233790204,2.4949047720046984,0.08050030469894409
0.785865068435669,228538.328125,0.9918720041842418,0.301621233790204,2.4949047720046984,0.08050030469894409
0.7946398854255676,207796.234375,0.9928624884042541,0.29411963161735244,2.4972927724929797,0.08118832111358643
0.7768114805221558,227311.3125,0.9907080384683401,0.28815630611686416,2.496664301118468,0.0620604045689106
0.7538874745368958,207167.0625,0.9869775542709136,0.2694690578868837,2.4412200605483996,0.03535519912838936
0.6446317434310913,90710.9453125,0.9384848651728583,0.24225310024528213,2.2703025495620714,0.026227127760648727
0.627216100692749,135918.359375,0.9224928770641714,0.19579390224723525,2.01018168087921,0.049725163727998734
0.7874877452850342,299110.15625,0.9920648677251598,0.16325834926871963,1.7602603590103136,0.12181863933801651
0.8201977014541626,455336.9375,0.995116841534879,0.15281943020133681,1.6348283445449816,0.11387788504362106
0.8062459826469421,468235.1875,0.993991499187659,0.16846255001334853,1.5747020399185168,0.13272026181221008
0.8449758887290955,442400.46875,0.9966241437041755,0.16846255001334853,1.5747020399185168,0.13272026181221008
0.8250806331634521,465606.15625,0.9954591091162431,0.18976954159049697,1.568056837281798,0.2916243374347687
0.8579031825065613,501620.21875,0.9972164367515894,0.20146731075553603,1.5662572538467394,0.49632346630096436
0.8435181975364685,499044.03125,0.9965499455750193,0.19596651729850478,1.5485670721145617,0.7368561625480652
0.8226525187492371,611288.5625,0.9952919949974338,0.19749716457633681,1.5397169744583117,1.043648362159729
0.6280470490455627,561027.375,0.9233302670239956,0.20744875606803603,1.5318362867446886,1.3336340188980103
0.8576911687850952,289329.375,0.9972076116199814,0.21704939541129775,1.5264527952285754,1.6715569496154785
0.7956457138061523,174489.390625,0.9929681141981672,0.20806101497916885,1.518620744905089,1.9107975959777832
0.5727565884590149,89862.859375,0.8491813776359799,0.19066122707633681,1.502408758363341,2.123293161392212
0.5181679725646973,70889.71875,0.7406268132269114,0.2399604671886415,1.4274537717910754,1.7826961278915405
0.5402163863182068,104359.6484375,0.7878391248116556,0.24871042904166885,1.4060690557571398,1.6871367692947388
0.6171956658363342,160471.828125,0.9117705059723992,0.24871042904166885,1.4060690557571398,1.6871367692947388
0.8190223574638367,190109.0,0.9950307066322708,0.24653319057731338,1.397808805665587,1.587528944015503
0.8251906633377075,227259.28125,0.9954665408791219,0.22439840969352431,1.3951084768386828,1.4627094268798828
0.8615453839302063,278264.6875,0.9973637814613996,0.20052317318229385,1.4044454252334582,1.2742148637771606
0.8526948094367981,372274.25,0.9969913828996411,0.1836555355480165,1.4190285360427843,1.0811556577682495
0.7485551238059998,449541.5625,0.8604205683072376,0.18094328579215713,1.4573004400344836,0.8920904397964478
0.8339028358459473,682768.5625,0.9960182210124529,0.19463232692985244,1.486023203096007,0.7809563279151917
0.8717681169509888,657484.125,0.9977371403648744,0.21211889919547744,1.500009790620421,0.6734739542007446
0.8494556546211243,549737.6875,0.9968423810677004,0.21211889919547744,1.500009790620421,0.6734739542007446
0.8320196270942688,533352.625,0.9959049181097017,0.2356574886730165,1.5039737379165636,0.5734297037124634
0.8542651534080505,530098.1875,0.9970610801405796,0.2416398876598329,1.5131724035354601,0.5319928526878357
0.877360999584198,529562.125,0.9979186023092583,0.2633083218028993,1.5237786924453722,0.5087529420852661
0.8615220189094543,563028.6875,0.9973628614322833,0.37983111080436416,1.522677198609923,0.47614529728889465
0.8062465190887451,948177.75,0.9939915470519013,0.9094570034435243,1.45748449917755,0.46403026580810547
0.8323268890380859,607248.9375,0.9959236206906597,1.6040208691051454,1.3559663450332629,0.43591052293777466
0.4025040566921234,67068.296875,0.5128567282475744,1.6040208691051454,1.3559663450332629,0.43591052293777466
0.7441076040267944,207428.53125,0.9849714901913013,4.07479170498161,1.1996977174667371,0.3224135935306549
0.7734705209732056,179791.0625,0.9902382810466943,4.09642199215202,1.3143350923446668,0.3473576605319977
0.7466787099838257,208752.65625,0.985526338957284,4.09642199215202,1.3143350923446668,0.3473576605319977
0.8255417346954346,208784.640625,0.9954901726733487,4.117476260035321,1.3796255433944715,0.3505934476852417
0.7095385789871216,179112.671875,0.9751810808871649,4.10698107418327,1.3986141527084364,0.34929826855659485
0.6989635229110718,133447.765625,0.971120077312178,4.033662592737958,1.3237526262191786,0.34335750341415405
0.7247198224067688,190808.8125,0.9800675852769503,3.8885829800060243,1.178468927183534,0.33456188440322876
0.7868283987045288,217234.4375,0.9919870516097004,3.6830146664073915,1.011009439268495,0.31999507546424866
0.7478620409965515,225386.140625,0.9857749421995101,3.5228088253429384,0.8313095415023817,0.30767157673835754
0.75238037109375,274234.21875,0.9866864156256632,3.44508150753288,0.7200491273788465,0.32218387722969055
0.7730097770690918,265489.03125,0.9901716915274946,3.4194009655406923,0.6758339250473036,0.3446655571460724
0.7511520981788635,219156.515625,0.9864444444472955,3.422102724879071,0.6811563814071668,0.34959518909454346
0.7834427356719971,253387.421875,0.9915754654903072,3.422102724879071,0.6811563814071668,0.34959518909454346
0.7747763991355896,257740.84375,0.9904246127905427,3.4274461620738954,0.6963932359603895,0.3565686047077179
0.7455470561981201,255677.0,0.9852846313310584,3.4015539043834657,0.7124159181503309,0.5651196241378784
0.7814869284629822,294443.40625,0.9913282779030028,3.369755541651532,0.7268774354843153,0.8278742432594299
0.7752100229263306,296341.96875,0.9904857080072601,3.369755541651532,0.7268774354843153,0.8278742432594299
0.7823840975761414,283836.75,0.9914425429083715,3.332847391932294,0.7395241105941786,1.1273573637008667
0.8066234588623047,216214.078125,0.9940250862143525,3.29919413265495,0.7481520021347059,1.459734320640564
0.7241975665092468,174209.984375,0.9799160720217717,3.2710349911144228,0.7464706743148817,1.778943657875061
0.780418872833252,126824.0546875,0.9911902871278855,3.266044413416669,0.7337992036727918,2.0406551361083984
0.8151463866233826,74959.96875,0.9947358402423705,3.2750013225963563,0.7208053911117567,2.2827670574188232
0.7685855031013489,45546.1328125,0.9895091062228559,3.287421023218915,0.7014314973739637,2.5258307456970215
0.5751050710678101,35403.015625,0.8531238824885092,3.3836067074230165,0.6936514223007215,1.7246201038360596
0.6625511646270752,58814.56640625,0.9518195374027565,3.3836067074230165,0.6936514223007215,1.7246201038360596
0.7315132021903992,84975.21875,0.981940529529579,3.4114482754161806,0.7026941621688856,1.5158767700195312
0.7435449957847595,114633.8359375,0.9848473425806819,3.4210851543834657,0.7187692964462293,1.4333056211471558
0.6574551463127136,122078.3828125,0.9483218416964594,3.4358203762462587,0.7394583070663465,1.3666414022445679
0.6581022143363953,122569.1484375,0.9487783913807941,3.4358203762462587,0.7394583070663465,1.3666414022445679
0.6267452836036682,133275.46875,0.9220149614219635,3.4588563793590517,0.7454969728378309,1.2844288349151611
0.6305680871009827,153822.40625,0.925823700855873,3.483536516993329,0.7362806642440809,1.2031762599945068
0.6630909442901611,167407.15625,0.9521770973776851,3.5110319012096376,0.7452986085800184,1.0192021131515503
0.7382249236106873,178839.640625,0.9836229448671774,3.5110319012096376,0.7452986085800184,1.0192021131515503
0.7298168540000916,204020.40625,0.9814894647219321,3.5291517132213563,0.7755415285018934,0.7769452333450317
0.7796776294708252,223761.03125,0.9910932506118051,3.534566675989911,0.7999222124008192,0.565417468547821
0.7780137658119202,231435.046875,0.9908715836828996,3.5467555874278993,0.7900659883407606,0.4775659739971161
0.7994245290756226,222751.421875,0.9933513174082647,3.5467555874278993,0.7900659883407606,0.4775659739971161
0.795604407787323,234310.390625,0.9929638070696295,3.5416152828624696,0.7860700929550184,0.40743178129196167
0.7793299555778503,255834.703125,0.9910473745054794,3.535385882227704,0.7860472047714246,0.4192855656147003
0.788004994392395,245475.515625,0.9921253912081486,3.535385882227704,0.7860472047714246,0.4192855656147003
0.7692673206329346,253152.953125,0.9896140047893313,3.5142152660778017,0.7699987733749403,0.4647422730922699
0.7945212721824646,291917.21875,0.9928499295166251,3.4200170391490907,0.7402450883773817,0.4823096990585327
0.8361530303955078,306071.5,0.9961495267461986,2.9991186016490907,0.7937137926010145,0.48693132400512695
0.8345087766647339,266148.40625,0.9960540109377047,2.2263172024181337,0.98223136309662,0.4996586740016937
0.5508286952972412,230509.171875,0.8091287041532742,2.2263172024181337,0.98223136309662,0.4996586740016937
0.642835259437561,31653.64453125,0.9369811380350386,6.879571879536822,10.40153239611664,0.6407308578491211
0.6872447729110718,29699.23046875,0.9658855754878524,6.905992234379962,10.480489000120546,0.6912505030632019
0.5223740935325623,34437.30078125,0.7498744527517504,6.945054972798541,10.539115175047304,0.7074864506721497
0.8152862191200256,26185.68359375,0.9947467735985596,6.990811551243976,10.576834901609804,0.7203231453895569
0.753978967666626,27753.08984375,0.9869950268567282,7.072269881398395,10.596863969602968,0.6878202557563782
0.6122574806213379,42603.6640625,0.9060491645347702,7.297646964223102,10.571784242430116,0.665708601474762
0.5641540288925171,33969.13671875,0.8341504922865,7.7475061065265685,10.500052675047304,0.5711973905563354
0.5656328797340393,41037.09765625,0.8367993125700577,7.7475061065265685,10.500052675047304,0.5711973905563354
0.6701391935348511,31904.390625,0.9566281939838974,8.465843403966144,10.4019195878891,0.41765689849853516
0.7116190195083618,27379.76171875,0.9759130222008325,9.204464877278522,10.293671830931093,0.35910364985466003
0.6705920696258545,24112.853515625,0.956900734086817,9.921198213727191,10.168418153562929,0.4037322998046875
0.7535940408706665,25235.158203125,0.9869213617321355,10.497628392905906,10.066548570433046,0.49000030755996704
0.7520161867141724,26211.732421875,0.9866151144952711,10.893009836108401,10.00436328295746,0.5317988395690918
0.8113986253738403,22907.66015625,0.9944342555753416,11.142473126084521,9.855399354734804,0.5325965285301208
0.838397741317749,26232.990234375,0.9962762251105286,10.572035702199653,8.331889375486757,0.48244863748550415
0.8394647836685181,24531.255859375,0.9963349908795993,10.164625669152453,7.6782305086044325,0.4816136062145233
0.7844282388687134,26985.609375,0.991697374981814,9.797727430493548,7.101689561643983,0.4504600465297699
0.7477926015853882,27643.177734375,0.9857604695942555,9.449145639569476,6.610408052244569,0.3874709904193878
0.6942692399024963,29878.30859375,0.9691216406789391,9.449145639569476,6.610408052244569,0.3874709904193878
0.8064491748809814,29973.291015625,0.9940096019450996,9.093895042569354,6.1362364137558,0.293262779712677
0.5999132394790649,28060.5390625,0.7682252941420602,8.721407855183795,5.62509082201996,0.2285701036453247
0.7252442240715027,30563.42578125,0.9802186102065484,8.276285374791339,5.026330217161561,0.2855178713798523
0.5243832468986511,73289.3125,0.7542587903663075,5.804317677647784,1.9172451341537489,0.4772389233112335
0.761769711971283,251536.078125,0.9884016355901639,2.5004036075183897,3.2335713064285265,0.41865068674087524
0.6851024627685547,225136.421875,0.9648368060511473,2.5004036075183897,3.2335713064285265,0.41865068674087524
0.7154867053031921,219518.078125,0.9772191247191783,2.478302205235675,3.3130223905654894,0.4468994140625
0.7459886074066162,258868.359375,0.9853794059926928,2.4574224597522765,3.3593366300674425,0.4733125865459442
0.5805274844169617,157126.734375,0.8619576041020516,2.4256393558094054,3.3908183729263293,0.46367838978767395
0.41855788230895996,67988.2890625,0.536589650595506,2.3802816516468077,3.410280958375548,0.44644173979759216
0.2574220299720764,72889.6640625,0.4153683835464548,2.2941209918567687,3.4426896726699816,0.4382631480693817
0.7869399189949036,279146.8125,0.9920002659341782,1.3652097827503233,3.477272049150084,0.4278828501701355
0.7609153985977173,356270.15625,0.98825497777148,0.39296552005501084,3.4503185903640734,0.4226386845111847
0.7895300388336182,222588.875,0.992301198218142,0.6803844326427431,3.430974260530089,0.4399549067020416
0.8143436908721924,256772.84375,0.9946726405249771,0.6803844326427431,3.430974260530089,0.4399549067020416
0.7583545446395874,204752.265625,0.9878043899744768,1.845124995081708,3.473494545182799,0.4659140110015869
0.7289785146713257,228122.0625,0.9812625385075324,1.845124995081708,3.473494545182799,0.4659140110015869
0.7663185596466064,173617.5,0.9891527979112239,2.330775057642743,3.4681832944961535,0.4337024986743927
0.7336518168449402,191451.4375,0.9824940347875738,2.944475924341962,3.3246376669021593,0.38376709818840027
0.7723846435546875,237773.484375,0.9900806287882252,3.8957288616588563,2.9691035902114855,0.37479716539382935
0.7130357623100281,209833.625,0.9763995756375496,3.8957288616588563,2.9691035902114855,0.37479716539382935
0.6651086807250977,168303.46875,0.9534923111771968,5.042897974818036,2.4567091619583117,0.40136709809303284
0.835777223110199,132561.59375,0.9961279003848561,6.163270747034833,1.9555213605972277,0.4601825773715973
0.7822771072387695,115868.6328125,0.9914289947423578,6.163270747034833,1.9555213605972277,0.4601825773715973
0.8301407694816589,121933.0078125,0.9957886868528542,6.918824946253583,1.6699025785537707,0.4962832033634186
0.8427087664604187,99989.359375,0.9965080468003733,7.314597880213544,1.530287996492003,0.4691900610923767
0.7462307214736938,85663.15625,0.9854311205070652,7.36628512081413,1.4845931684585558,0.4748763144016266
0.7663534283638,76409.265625,0.9891583673567662,7.36628512081413,1.4845931684585558,0.4748763144016266
0.5515609383583069,19825.28125,0.810555378165102,7.032241618006513,1.4038460409255968,0.4752649664878845
0.4001206159591675,23671.189453125,0.5096173122829988,6.265554224818036,1.1790425932022082,0.4131149649620056
0.5203870534896851,54912.90234375,0.7455167057868115,6.265554224818036,1.1790425932022082,0.4131149649620056
0.6726930141448975,81558.0625,0.9581445207395584,4.530322825281903,0.6534273779006945,0.398092120885849
0.7565605044364929,136768.796875,0.9874786849252768,4.530322825281903,0.6534273779006945,0.398092120885849
0.6210110783576965,178265.703125,0.9159910569176734,3.407820498316571,0.31673695202789176,0.4592745900154114
0.7346344590187073,170923.234375,0.9827428068754996,2.634974276392743,0.09285809155425895,0.5013531446456909
0.6776292324066162,192135.71875,0.960937205010922,1.9931609981945009,0.0915062272933973,0.5146529078483582
0.6867095828056335,179764.5625,0.965626360476745,1.5721938961437196,0.2189299905685438,0.4734964370727539
0.6612229943275452,181088.734375,0.9509293243958681,1.3445394390514345,0.30035899523773324,0.4232777953147888
0.8509088158607483,294850.21875,0.9969101136780083,1.2622011059215517,0.3493511522201551,0.37970709800720215
0.8717614412307739,502965.78125,0.9977369146147843,1.2622011059215517,0.3493511522201551,0.37970709800720215
0.8463090062141418,559374.375,0.9966906107817005,1.2533290737560243,0.39289258364715707,0.34848275780677795
0.833142876625061,613265.4375,0.9959728778672375,1.27905253109245,0.4312584245590223,0.3358643651008606
0.8224409222602844,525024.5625,0.9952771461074297,1.3813197964122743,0.4573047006515516,0.3688587248325348
0.8672138452529907,371236.75,0.9975777985812999,1.6103103512218446,0.5047123277572645,0.4271543622016907
0.8690264225006104,407945.65625,0.9976425125008598,1.9402902477672548,0.6088507020858778,0.4756103456020355
0.8600463271141052,431610.125,0.9973041017251463,2.295344149439618,0.747459634580995,0.4941338896751404
0.8413033485412598,335170.625,0.9964340927211397,2.295344149439618,0.747459634580995,0.4941338896751404
0.8458765149116516,336440.5625,0.9966691913307724,2.863541399805829,0.9853336656478895,0.42081430554389954
0.7652222514152527,339223.625,0.9889762494273644,3.192098414271161,1.117952569761659,0.3696548044681549
0.7818419933319092,295705.09375,0.9913736782369862,3.380762850611493,1.2003938997177137,0.3186356723308563
0.7629960775375366,287077.90625,0.9886090291286467,3.452596461146161,1.2437031114486707,0.2808818221092224
0.7668957710266113,267670.375,0.9892446331845515,3.452596461146161,1.2437031114486707,0.2808818221092224
0.7692062258720398,273569.6875,0.9896046474581139,3.477940356104657,1.268033250608827,0.24862702190876007
0.7837615609169006,238293.453125,0.9916150969259154,3.4766881817272157,1.2766172731307996,0.24244795739650726
0.7780879139900208,244884.125,0.9908815766599768,3.4505975597789735,1.2834942186264051,0.2503572702407837
0.7724130153656006,254733.828125,0.9900847796017523,3.467061793177411,1.1841432893661512,0.3751387596130371
0.7897384166717529,255963.078125,0.9923249172046547,3.46533182796745,1.1904814088729871,0.3866029977798462
0.7842320799827576,255904.375,0.9916732490441892,3.4863212459972353,1.1983606660751356,0.3968029022216797
0.781679630279541,254179.234375,0.9913529468386222,3.505159174769208,1.1964657152084364,0.39407095313072205
0.7743571400642395,251712.65625,0.990365174558576,3.505159174769208,1.1964657152084364,0.39407095313072205
0.7836011648178101,248724.921875,0.9915951819845401,3.508938586085126,1.1940548265365614,0.4025324285030365
0.7991406321525574,265214.0625,0.9933232596671585,3.475271021693036,1.2504656160263075,0.44181257486343384
0.7990903258323669,298258.90625,0.9933182756603682,3.363364970057294,1.5085918748764051,0.4696178138256073
0.8572764992713928,307732.28125,0.9971902703050864,3.1116645687511415,2.06698535326996,0.47946789860725403
0.7723714113235474,257204.09375,0.9900786923206243,2.7200296276500673,2.790003999510194,0.48307162523269653
0.822312593460083,258872.359375,0.9952681179447942,2.2473600262096376,3.5454904878524793,0.5284990072250366
0.7463645935058594,212658.453125,0.9854596383742462,1.7431276195934267,4.2453739488510145,0.6138172149658203
0.7123426198959351,212990.671875,0.9761627181524111,1.7431276195934267,4.2453739488510145,0.6138172149658203
0.7421121001243591,177401.5,0.98452662462415,1.3041551464488954,4.799388154783632,0.68958979845047
0.6861522197723389,178875.265625,0.9653544404414081,0.8509099834850282,5.3007728898910536,0.7325893640518188
0.7665160894393921,151096.234375,0.9891843115302645,0.3710611217906923,5.8264591539291395,0.7512153387069702
0.6814196109771729,138791.25,0.9629629190630322,0.054840291173174904,6.4112608278183,0.6796709895133972
0.7119689583778381,25398.615234375,0.8532004425988835,0.18417855563850694,10.904288514891054,0.2296256273984909
0.6791028380393982,42959.33984375,0.9617367196243289,0.11147669491080947,12.100903734007264,0.11167686432600021
0.6779264807701111,36275.3515625,0.9610997205839968,0.4519536846569032,13.244164689817811,0.025550130754709244
0.6844069957733154,27875.166015625,0.9644898868951675,0.8048169964244813,14.295716508665468,0.018680503591895103
0.6641979813575745,28614.443359375,0.9529028457341548,1.2808311336925478,15.520846589842225,0.2199394553899765
0.7518131732940674,24984.775390625,0.9865752060736921,1.9123351925304384,17.03535006884613,0.6068634390830994
0.7722975015640259,24666.365234375,0.9900678691617686,2.5227125042369813,18.419156297483827,0.9502073526382446
0.5570517182350159,13063.7158203125,0.8210664024639295,3.023425852625653,19.506484254637147,1.1246994733810425
0.8522616028785706,18799.259765625,0.9969718679212679,3.5979011410167665,20.835541948118593,1.1128252744674683
0.7680381536483765,18682.7421875,0.9894241433432966,3.6065214031627626,20.930323823728944,1.1071301698684692
0.7555477023124695,18293.56640625,0.9872910684036045,3.6065214031627626,20.930323823728944,1.1071301698684692
0.8521564602851868,17782.7265625,0.9969671125269117,3.594074045985028,20.983704789915468,1.1046299934387207
0.8573386669158936,20542.904296875,0.997192876927207,3.577755724757001,20.991652711668397,1.1002546548843384
0.8152415156364441,18871.05078125,0.994743280720773,3.5680902355602235,20.98327945117035,1.1060289144515991
0.7205286622047424,18614.3828125,0.9788199126266643,3.565591608851239,20.972336992063905,1.120164155960083
0.8851848244667053,19380.873046875,0.9981483697314611,3.574091708033368,20.981974824705507,1.1207612752914429
0.9027910232543945,17303.337890625,0.9985771099882355,3.574091708033368,20.981974824705507,1.1207612752914429
0.7689568996429443,19321.544921875,0.9895663744599639,3.5612094753673524,21.015542253294374,1.105202317237854
0.8652755618095398,19049.541015625,0.9975066380643033,3.5518434399059267,21.04968570117035,1.0821911096572876
0.9386621713638306,16013.0283203125,0.9991683884762586,3.5464790218761415,21.073456987181093,1.1424994468688965
0.8625415563583374,16877.548828125,0.9974027112616526,3.5464790218761415,21.073456987181093,1.1424994468688965
0.8489642143249512,17882.212890625,0.9968191421795658,3.5528972500255556,21.085385545530702,1.5785298347473145
0.942810595035553,18271.01953125,0.9992184941168107,3.5809610241344423,21.102431520262147,2.0855934619903564
0.9211151599884033,15215.7724609375,0.9989184468989823,3.5809610241344423,21.102431520262147,2.0855934619903564
0.9203991293907166,16435.037109375,0.998906789197284,3.598873888819501,21.131177171507264,2.4128048419952393
0.9308450222015381,17848.19921875,0.9990650900385987,3.589256083338544,21.15379069689789,2.7027010917663574
0.9023472666740417,15040.607421875,0.9985676298267725,3.589256083338544,21.15379069689789,2.7027010917663574
0.8690233826637268,16116.2783203125,0.9976424054013031,3.578716074793622,21.150714143553163,2.9761948585510254
0.9333801865577698,16426.353515625,0.9990999224670061,3.5699756496837587,21.134047731199647,3.2494308948516846
0.9169518351554871,18263.388671875,0.9988488841482546,3.574396883814618,21.118914827146913,3.6463661193847656
0.8611078858375549,16173.1689453125,0.9973465012005566,3.574396883814618,21.118914827146913,3.6463661193847656
0.8816794753074646,17803.80859375,0.9980487306258186,3.569514071314618,21.08928416613617,4.03835916519165
0.8098117709159851,13651.0673828125,0.9943014592164828,3.543696200220868,21.068249925413514,4.357695579528809
0.8425324559211731,15177.3974609375,0.9964988534931748,3.543696200220868,21.068249925413514,4.357695579528809
0.8474050164222717,16346.4169921875,0.9967442800265972,3.5104987972667665,21.059752687254335,4.63096809387207
0.5857476592063904,17347.84765625,0.8701034983871918,3.4994142406871767,21.057046159544374,4.854910373687744
0.7446443438529968,17405.345703125,0.9850890055167982,3.509044443934247,21.042208894529725,5.071804046630859
0.7848300337791443,16957.83203125,0.9917465775155474,3.50748327907829,21.040087922850038,5.375209331512451
0.8448737859725952,20034.041015625,0.9966189986171248,3.507328783839032,21.035903199949647,5.779392719268799
0.8234677314758301,16049.2294921875,0.9953487712258073,3.507328783839032,21.035903199949647,5.779392719268799
0.8464099168777466,18121.796875,0.9966955886939504,3.529629504053876,21.024604066648866,6.249789714813232
0.8309953212738037,18243.1171875,0.9958419523984183,3.5456579082897157,21.014409288206483,6.679464340209961
0.7136220335960388,16336.509765625,0.9765981501165777,3.5612542980602235,21.007931932249452,7.022601127624512
0.7068251967430115,15135.341796875,0.9741944360007346,3.5686815136363954,21.00211833361664,7.203610420227051
0.7453965544700623,11227.6494140625,0.985252190912113,3.586045061915204,21.001008256712343,7.554421901702881
0.8418689370155334,14278.3076171875,0.9964640397364803,3.6189258449962587,21.006209596434022,7.909045696258545
0.8539923429489136,10530.6650390625,0.9970490882112633,3.649677073328778,21.024995073118593,8.318276405334473
0.7745545506477356,9507.2421875,0.9903932064348127,3.650481974451825,20.99885104540863,8.96414566040039
0.7336220741271973,7151.5966796875,0.8605295881751085,3.6364686840465517,20.98499415759125,9.66054916381836
0.6081351041793823,9864.578125,0.9010446567453134,3.498767649500653,20.865899308958436,7.695662021636963
0.6910398006439209,13330.9951171875,0.9676716008273498,3.5082128399303407,20.884688600340272,7.391895771026611
0.7115113735198975,13259.134765625,0.9758756628131617,3.50915507015495,20.90275309924164,7.1879754066467285
0.7836105823516846,17017.205078125,0.9915963525405604,3.504217898218915,20.927569612303163,7.038896560668945
0.7713869214057922,16395.572265625,0.9899335700671468,3.504217898218915,20.927569612303163,7.038896560668945
0.7334691882133484,14884.451171875,0.9824474175123952,3.487640177576825,20.951571687498475,6.8182854652404785
0.7936045527458191,15511.01171875,0.9927521271489307,3.4711587780406923,20.966958268919374,6.695433139801025
0.7203864455223083,14367.7021484375,0.9787762819046866,3.4711587780406923,20.966958268919374,6.695433139801025
0.7877641320228577,19021.6875,0.9920972646830776,3.458772456019208,20.97545932177582,6.517697334289551
0.7287305593490601,15709.98046875,0.9811949062256141,3.4558351391246767,20.971081956663514,6.239015579223633
0.8109322786331177,17080.470703125,0.9943955505190165,3.4768264645030946,20.965453370848085,5.89001989364624
0.8506633043289185,15052.099609375,0.996898772556967,3.49069861110954,20.98190997485199,5.6351189613342285
0.804449737071991,20003.013671875,0.9938290949898012,3.49069861110954,20.98190997485199,5.6351189613342285
0.6903464794158936,18721.103515625,0.9673520267426907,3.497703348963544,20.98500750903168,5.459543704986572
0.6924892663955688,17372.23046875,0.9683301985821073,3.4879234188487978,20.99466632250824,5.300887584686279
0.735802412033081,17792.439453125,0.983034033249926,3.4879234188487978,20.99466632250824,5.300887584686279
0.6493034958839417,16086.0888671875,0.9422473192541115,3.5021160000255556,20.99330829028168,5.145717620849609
0.7469270825386047,16851.02734375,0.9855788678778084,3.507234370081708,20.990283235350038,4.98514461517334
0.8107196092605591,18279.236328125,0.9943778113464354,3.5078361385753603,20.98713229540863,4.864023685455322
0.8363711833953857,17281.56640625,0.9961620255509238,3.5076015346935243,20.98327945117035,4.632754802703857
0.7104811668395996,17219.62890625,0.9755153028393628,3.517901217310712,20.985322221556093,4.479757308959961
0.6673603057861328,15747.4111328125,0.9549208053410845,3.52042273220329,20.977477296629335,4.4199347496032715
0.8952279090881348,16337.94921875,0.9984066290225111,3.52042273220329,20.977477296629335,4.4199347496032715
0.899262547492981,17294.609375,0.9984999652567447,3.524828707545087,20.948621019163514,4.282817840576172
0.8445820212364197,18934.244140625,0.996604253262585,3.536918436854169,20.93259166125336,4.17384147644043
0.8676713705062866,18090.72265625,0.9975942985006561,3.536918436854169,20.93259166125336,4.17384147644043
0.776089072227478,18497.986328125,0.9906083867042377,3.5382068508556337,20.929747804441835,4.070872783660889
0.8036645650863647,17456.642578125,0.9937567477079137,3.512067591517255,20.935609086790468,3.9390506744384766
0.8169906735420227,17782.337890625,0.9948782475293797,3.5080898159435243,20.942891343870546,3.7465662956237793
0.8279911875724792,15283.5263671875,0.9956516856310191,3.5053136700084657,20.955910905638124,3.518842935562134
0.9006446599960327,16220.6650390625,0.9985306679908174,3.5053136700084657,20.955910905638124,3.518842935562134
0.7831610441207886,14270.439453125,0.991540296309211,3.497206484644696,20.973555787840272,3.3261678218841553
0.907575249671936,16468.544921875,0.9986754260443023,3.4895961635997743,20.98576854113617,3.1472578048706055
0.8625741600990295,16429.0234375,0.9974039756758424,3.4895961635997743,20.98576854113617,3.1472578048706055
0.9241299033164978,18801.94921875,0.9989661842035618,3.4918172710826845,20.983111604490663,3.0736324787139893
0.9450286030769348,15978.236328125,0.99924403491972,3.4810722225597353,20.976535066404725,3.0003015995025635
0.9605239033699036,17390.42578125,0.9994006612136113,3.495213305323407,20.970891221800233,2.906153917312622
0.8859201669692993,16857.845703125,0.9981686192425169,3.5078504436901063,20.967622026243593,2.7949204444885254
0.8617516756057739,17105.47265625,0.9973718906045566,3.5188348644664735,20.963937028685,2.6212997436523438
0.8194720149040222,16202.5673828125,0.9950638362088764,3.5188348644664735,20.963937028685,2.6212997436523438
0.8833529949188232,14962.7724609375,0.9980969498243497,3.5320279949596376,20.96790431384125,2.423752546310425
0.9091949462890625,16814.26953125,0.9987071508763051,3.541865145533368,20.977170213499452,2.2651381492614746
0.8855379223823547,15262.7978515625,0.9981581208756574,3.546269213526532,20.979483827391054,2.1508452892303467
0.8464815616607666,14637.5556640625,0.9966991184125675,3.531739985316083,20.977023347654725,2.0483736991882324
0.893811047077179,14082.3408203125,0.9983724956404455,3.531739985316083,20.977023347654725,2.0483736991882324
0.829152524471283,12327.298828125,0.9957262426672384,3.5176475399425478,20.99846957568207,1.944608449935913
0.8209547400474548,14164.0810546875,0.9951715352321606,3.5220201366832704,21.015263780393983,1.8288179636001587
0.9267535209655762,18187.416015625,0.9990060130049383,3.5281379574230165,21.036439164915468,1.6789692640304565
0.8156951665878296,19017.8203125,0.9947786197952444,3.5162408703258485,21.04416392687836,1.4934791326522827
0.886739194393158,17341.19921875,0.9981909134431983,3.523814951746747,21.031256898680116,1.2844072580337524
0.8262380361557007,18047.845703125,0.9955366819442131,3.523814951746747,21.031256898680116,1.2844072580337524
0.7830933332443237,17898.00390625,0.9915318210696541,3.523482119410321,21.020495637693788,1.1098054647445679
0.9004843831062317,17779.095703125,0.9985271399257245,3.53183630642204,21.01851580981293,0.9978541135787964
0.9406190514564514,16403.708984375,0.999192411775426,3.5412280910900087,21.01588557604828,0.8825604319572449
0.8542690873146057,17220.98828125,0.9970612526851532,3.537153040736005,21.008122667112733,0.8043594360351562
0.8908953070640564,17549.072265625,0.9982999415883751,3.5348565929820985,20.997969850340272,0.7834924459457397
0.9507647752761841,16646.39453125,0.9993062882803634,3.548259531824872,20.979905351438905,0.7578314542770386
0.9095959663391113,16197.880859375,0.9987148878013333,3.572162424891278,20.979754670896913,0.6970675587654114
0.9187173843383789,15393.53125,0.9988789130706199,3.5729368084362,20.978102906980897,0.6534685492515564
0.8873106241226196,15585.9970703125,0.9982063075026444,3.5729368084362,20.978102906980897,0.6534685492515564
0.8408224582672119,14645.5263671875,0.9964084320762268,3.5378568523815126,20.816426500120546,0.6717411279678345
0.8954834938049316,18885.556640625,0.9984127098208841,3.541871821253583,19.64677928332367,0.7064473032951355
0.7920615077018738,19136.390625,0.9925845112640708,3.61030367550163,18.872143968382264,0.719889760017395
0.8796472549438477,21517.787109375,0.9979885360939061,3.61030367550163,18.872143968382264,0.719889760017395
0.8711099624633789,23170.513671875,0.9977147755505846,3.7486932629039735,18.16242526415863,0.7438531517982483
0.6431587934494019,27721.21875,0.937254323149961,3.936497485010907,17.38187907580414,0.803074836730957
0.8347033858299255,24566.63671875,0.9960654375850835,4.181302821009442,16.56965182665863,0.827317476272583
0.8788923025131226,29138.927734375,0.9979657059116049,12.868402277796552,5.019101635179137,0.2142653912305832
0.7743932008743286,26360.44140625,0.990370301109041,12.8651731365612,4.9997220193954455,0.24846090376377106
0.8506688475608826,25310.298828125,0.996899029086711,12.8651731365612,4.9997220193954455,0.24846090376377106
0.7528868913650513,23209.419921875,0.9867849668323301,12.835433756678388,4.9882450258346545,0.23293785750865936
0.9142557978630066,22086.498046875,0.9988014731712151,12.817039286463544,4.97884680386505,0.20460732281208038
0.8852829337120056,21250.5390625,0.9981510842691268,12.817039286463544,4.97884680386505,0.20460732281208038
0.8193181753158569,22802.537109375,0.9950525264358272,12.82374361690788,4.961229101380919,0.2751961052417755
0.8511401414871216,23256.943359375,0.9969207617024058,12.842214381068036,4.931343094071959,0.2291984260082245
0.7466444373130798,23641.8828125,0.9855190758921488,12.85776690181999,4.904114500245665,0.24645203351974487
0.8165037035942078,23196.24609375,0.9948410213272976,12.85776690181999,4.904114500245665,0.24645203351974487
0.9105293154716492,22829.14453125,0.9987327165873805,12.867732798426434,4.903975025376891,0.6331167221069336
0.8827540874481201,23570.923828125,0.9980798315056061,12.84727648433952,4.891562715730284,1.1626179218292236
0.8030624985694885,26317.947265625,0.9937007041880275,12.84727648433952,4.891562715730284,1.1626179218292236
0.8522076606750488,26080.822265625,0.9969694291546075,12.802547251551434,4.876719013414,1.3899763822555542
0.8394297361373901,23000.931640625,0.9963330754076223,12.763191019861981,4.876541868409728,1.3772695064544678
0.8917813301086426,24713.73828125,0.9983223237193786,12.718663966028974,4.882150427064513,1.354182481765747
0.8684927225112915,22777.177734375,0.9976236389210393,12.672300135462567,4.878889099320983,1.4721157550811768
0.8512771725654602,25960.513671875,0.9969270520914114,12.672300135462567,4.878889099320983,1.4721157550811768
0.8637562394142151,23998.5625,0.9974494066445911,12.627265726893231,4.884943500718688,1.768667459487915
0.8248117566108704,25281.2578125,0.9954408974742379,12.607873713343427,4.885683790406798,2.160770893096924
0.8927603363990784,24677.685546875,0.9983467131485069,12.613767420618817,4.886597410401915,2.5119495391845703
0.8640788793563843,24561.76171875,0.9974616685776301,12.629283701746747,4.888561979493712,2.8711326122283936
0.9041098952293396,21933.66015625,0.998604917720273,12.629283701746747,4.888561979493712,2.8711326122283936
0.7843165993690491,21840.69140625,0.9916836526891336,12.638150965540692,4.889045969209288,3.11283278465271
0.8274588584899902,23299.572265625,0.9956170802826891,12.658818995325849,4.898737207612609,3.3472840785980225
0.8361671566963196,24226.83984375,0.9961503373044032,12.688239847986981,4.896470323762511,3.5658469200134277
0.8549644947052002,26407.15625,0.9970915999469752,12.704416071741864,4.888972774705504,3.784633159637451
0.8689209222793579,23787.63671875,0.997638793493066,12.704416071741864,4.888972774705504,3.784633159637451
0.8946810364723206,25165.095703125,0.9983935398500889,12.71676233944206,4.886630789002989,4.157857418060303
0.902370274066925,25774.83203125,0.9985681228996122,12.728111063807294,4.906425729951476,4.628102779388428
0.8939582109451294,24759.197265625,0.9983760746248604,12.728111063807294,4.906425729951476,4.628102779388428
0.8192740082740784,25766.78125,0.9950492746769737,12.738908564417645,4.932842031678771,4.981388092041016
0.7540426254272461,25134.05859375,0.9870071701601537,12.75462511715202,4.942283645829772,5.40758752822876
0.7873130440711975,22588.01953125,0.9920443223615859,12.747636591761395,4.953507438859557,5.649913787841797
0.7794313430786133,18335.982421875,0.9910607767065511,12.747636591761395,4.953507438859557,5.649913787841797
0.8443859815597534,18120.5078125,0.9965943098119382,12.755813395350263,4.980869547090148,5.908768653869629
0.7325880527496338,15388.310546875,0.9822208046099666,12.76609972652702,4.990438953599547,6.1847453117370605
0.7516054511070251,12322.8681640625,0.9865342516474733,12.751472269861981,4.986323848924254,6.586002349853516
0.25019997358322144,7190.01318359375,0.41382688335681966,12.739299570887372,4.972458378038024,7.091166019439697
0.4948727488517761,7822.93994140625,0.6884693679059504,12.810479914515302,5.112969175538634,6.442252159118652
0.7725082039833069,9519.515625,0.9900986932422934,12.821893488734052,5.10274030323944,6.306814670562744
0.8402063846588135,11309.7021484375,0.9963752896219373,12.841010844080731,5.067362323960875,6.132805347442627
0.810833752155304,12645.4697265625,0.9943873391254409,12.85447100338249,5.02217914219818,5.931933879852295
0.7589322328567505,14946.7705078125,0.9879074916313086,12.85447100338249,5.02217914219818,5.931933879852295
0.8934142589569092,16053.3203125,0.9983628066546395,12.874847208826825,5.010090366563414,5.699069976806641
0.7855459451675415,17599.19140625,0.9918335342341624,12.881067072718427,4.995773807725524,5.404911994934082
0.8679618239402771,19970.916015625,0.9976047151162415,12.881067072718427,4.995773807725524,5.404911994934082
0.8508260250091553,25365.41796875,0.9969062938628132,12.881051813929364,4.986951843461608,5.153398036956787
0.8817646503448486,25110.939453125,0.9980512139400708,12.895816599695966,4.998281255921935,4.96328067779541
0.8539479374885559,22648.494140625,0.9970471317044786,12.895816599695966,4.998281255921935,4.96328067779541
0.8751022815704346,24780.71484375,0.9978471320720126,12.911235606043622,5.015676037034606,4.804924964904785
0.8717877268791199,25577.69140625,0.9977378033604525,12.919034754603192,5.033142343721007,4.649809837341309
0.8887984752655029,23391.978515625,0.9982457795802677,12.919034754603192,5.033142343721007,4.649809837341309
0.9229608178138733,22768.40625,0.9989479270975752,12.914806162684247,5.056231991014098,4.456325054168701
0.9031266570091248,23840.666015625,0.9985842386803275,12.88650110897331,5.073901907167052,4.189543724060059
0.9118542671203613,24285.26171875,0.998757602658953,12.8610227459362,5.079029575547789,3.9960269927978516
0.891571581363678,24314.447265625,0.9983170518782185,12.86185053524284,5.081625000199889,3.9007110595703125
0.9184055328369141,24726.83984375,0.9988736664737781,12.864644800989911,5.0776991998764025,3.7458457946777344
0.8795719742774963,25868.94140625,0.997986271076494,12.864644800989911,5.0776991998764025,3.7458457946777344
0.891345739364624,24566.349609375,0.9983113570779291,12.84422472652702,5.068642154893492,3.570983409881592
0.9194446206092834,24015.578125,0.9988910535649732,12.844257151453778,5.0642807638259875,3.463036298751831
0.8827229738235474,22719.72265625,0.9980789380147412,12.844257151453778,5.0642807638259875,3.463036298751831
0.8560383319854736,24662.28515625,0.997137850209335,12.86069658931999,5.073247209748839,3.3365609645843506
0.851535975933075,23510.880859375,0.9969388975599746,12.867502009241864,5.076905981263732,3.2021679878234863
0.9071144461631775,22245.298828125,0.9986662592334439,12.861469065516278,5.068158642015074,2.9918253421783447
0.8595539331436157,25461.435546875,0.997284206795545,12.889793192713544,5.019326702317809,2.913102626800537
0.8457678556442261,23891.71875,0.9966637882510838,12.889793192713544,5.019326702317809,2.913102626800537
0.8791670799255371,25157.92578125,0.9979740450713475,12.985692774622724,4.782999530992125,2.912240982055664
0.9128127694129944,21960.556640625,0.998775301270852,13.25528315243034,4.130576149186705,2.877767562866211
0.8098183870315552,25422.705078125,0.9943020193646583,13.25528315243034,4.130576149186705,2.877767562866211
0.8268924355506897,22509.701171875,0.9955799583394774,13.434940134852216,3.5910420572372423,2.896888494491577
0.8688583970069885,23543.4375,0.9976365866550642,13.57803705868034,2.966362730226134,2.926816940307617
0.9006791710853577,24441.2578125,0.9985314265647436,13.66422442135124,2.2246854459854113,2.9186387062072754
0.8893331289291382,23315.126953125,0.9982597511815448,13.61686114010124,1.3994524633499132,2.8376550674438477
0.8783003687858582,28095.353515625,0.9979476250357411,13.61686114010124,1.3994524633499132,2.8376550674438477
0.9082983136177063,24751.365234375,0.9986896834956972,13.320638453333661,0.4191482221694933,2.773533821105957
0.7834154963493347,28263.9453125,0.9915720709558277,12.659032618372724,0.5314104402450575,2.7320926189422607
0.7538045048713684,53233.296875,0.986961689562634,11.80834940609245,1.1920254075912489,2.6024956703186035
0.7345134019851685,35426.91796875,0.9827123455421022,10.952825342982099,1.5939113939193739,2.3923707008361816
0.7099712491035461,42545.24609375,0.9753350352636854,10.952825342982099,1.5939113939193739,2.3923707008361816
0.708932101726532,33924.640625,0.9749637333188561,10.148963724940106,1.8518478715805067,2.204230308532715
0.7658318281173706,40030.19921875,0.989074760288975,9.39640978512077,2.017256006040956,2.03373384475708
0.708499014377594,42590.85546875,0.9748074117707796,8.790931498377606,2.09954093340912,1.896974802017212
0.7077205777168274,45576.6875,0.9745240884542429,8.272327219813153,2.122933610716249,1.9102489948272705
0.6391158699989319,44543.04296875,0.933764493657942,8.272327219813153,2.122933610716249,1.9102489948272705
0.6791248321533203,54648.44140625,0.961748536401992,7.638633524744794,2.0754635179428114,2.1160976886749268
0.8121726512908936,52137.1640625,0.9944979132025481,6.741872584193036,1.9401190126327528,2.384202241897583
0.8162035346031189,28405.677734375,0.9948179415483305,6.741872584193036,1.9401190126327528,2.384202241897583
0.7076495885848999,40567.94140625,0.9744980999390188,6.358056818812177,1.863024934568788,2.4717020988464355
0.8412795066833496,73401.546875,0.9964328248041969,5.88682726558952,1.712383493223573,2.574510097503662
0.7947700619697571,98799.3984375,0.9928762465407575,5.88682726558952,1.712383493223573,2.574510097503662
0.7404363751411438,100189.7578125,0.9841431675654448,5.541694437830731,1.6211235368637098,2.617762565612793
0.8387889862060547,97766.828125,0.9962978802930555,5.107174670069501,1.5089685762313856,2.521977186203003
0.8091182708740234,70976.3515625,0.9942424425758998,4.6958930843761415,1.4051496827987684,2.2680938243865967
0.7959127426147461,69023.8671875,0.9929958954678348,4.38199499782829,1.3494407976058973,2.1301543712615967
0.48809218406677246,22985.927734375,0.6732784204206617,4.38199499782829,1.3494407976058973,2.1301543712615967
0.5300428867340088,33099.91015625,0.7664753041705032,4.188642298548505,1.4673988664535536,2.11598539352417
0.6773662567138672,60830.77734375,0.9607929010340537,4.029396807520673,1.8339578950790418,2.0981411933898926
0.780453085899353,88094.4609375,0.9911947407437098,3.8715474956920595,2.319347604551698,2.0665836334228516
0.8746142387390137,92769.3515625,0.9978313710515326,3.727900301783368,2.8104936921981825,2.025961399078369
0.8003746271133423,95743.671875,0.9934443709786576,3.727900301783368,2.8104936921981825,2.025961399078369
0.7642470598220825,127791.4296875,0.9888168378585189,3.6055896633556337,3.2514612520126356,2.006030797958374
0.6781065464019775,143751.015625,0.9611978622043047,3.4961459988048524,3.5424749696640028,1.9783031940460205
0.798955500125885,140465.28125,0.9933048998999531,3.3296544903209657,3.6571686113266004,1.9720759391784668
0.7305946350097656,148339.453125,0.9816976177212702,2.9076660030773134,3.523927911558534,1.9657065868377686
0.7489150762557983,153026.015625,0.9859926648932402,2.9076660030773134,3.523927911558534,1.9657065868377686
0.6814850568771362,188700.5625,0.962997018888398,2.2400987499645204,3.2046263063339246,1.9542473554611206
0.7162668704986572,216973.609375,0.977474213230903,1.5327384823253603,2.814363702574159,1.9441113471984863
0.7295399308204651,45236.06640625,0.9814148014997759,0.989452158777997,2.451625093260194,1.9646997451782227
0.5679821372032166,66512.078125,0.8409522425959475,0.3423784130504579,2.103580697813417,1.9236180782318115
0.6734943389892578,69759.890625,0.9586101092537618,0.28144148525504775,2.1433279359725965,1.9193986654281616
0.7459601163864136,89487.453125,0.9853733086731511,0.28144148525504775,2.1433279359725965,1.9193986654281616
0.8107470870018005,95054.375,0.9943801064620258,0.28176191982536025,2.1889068925766004,1.9215242862701416
0.6617368459701538,97617.7734375,0.9512754995046244,0.29978541073112197,2.2443554246810926,1.7639752626419067
0.6736939549446106,145602.203125,0.9587253425256793,0.3000181072643251,2.260542138853456,1.6917226314544678
0.7874260544776917,170722.53125,0.992057618699739,0.27263811764030166,2.284625276365663,1.5981979370117188
0.8013087511062622,213599.34375,0.9935346040782116,0.27263811764030166,2.284625276365663,1.5981979370117188
0.8595190644264221,274213.21875,0.997282792429309,0.1660020702770204,2.2589380586532606,1.6379021406173706
0.8264734745025635,285650.21875,0.9955523000686757,0.08683224979133897,2.1755316102890028,1.7025219202041626
0.8047395348548889,280118.0625,0.9938555874010812,0.5259439593860655,2.0296099031356825,1.6810516119003296
0.7929936051368713,246121.59375,0.992686214204513,1.109105313451007,1.8340132081893934,1.6027045249938965
0.8112900257110596,192882.28125,0.9944252659407066,1.109105313451007,1.8340132081893934,1.6027045249938965
0.7917975187301636,246755.015625,0.9925554540191602,1.8155624515125304,1.5992786729721082,1.5484691858291626
0.781481921672821,365093.28125,0.9913276360300776,1.8155624515125304,1.5992786729721082,1.5484691858291626
0.8046691417694092,341066.34375,0.9938491626572277,1.9915945178577452,1.5485842073349012,1.5333586931228638
0.8257625699043274,308749.65625,0.9955049751554037,2.091045582921222,1.5241424882797254,1.4734159708023071
0.8119800090789795,291493.65625,0.994482137628737,2.091045582921222,1.5241424882797254,1.4734159708023071
0.8451551198959351,285442.1875,0.9966331565343955,2.0997516757556944,1.5248443925766004,1.4413304328918457
0.8390378355979919,274438.46875,0.9963115887975971,2.1293298846790343,1.4200098359970106,1.4641445875167847
0.8020433783531189,284111.25,0.9936047026007228,2.279889310033038,1.082866891661073,1.507115125656128
0.7900513410568237,275318.15625,0.992360400965512,2.5635645038196593,0.45221684817352426,1.5182456970214844
0.7920679450035095,266871.875,0.9925852184366457,2.5635645038196593,0.45221684817352426,1.5182456970214844
0.8313570618629456,230123.546875,0.9958642982407644,2.8582169658252745,0.21500088330230582,1.5317243337631226
0.8247158527374268,315333.375,0.9954343841774176,3.0916316157886534,0.7578299200149523,1.527499794960022
0.7801499962806702,383904.4375,0.9911552093341575,3.152118886143878,1.2119105016799914,1.5279860496520996
0.7881945967674255,418471.09375,0.992147462371586,3.152118886143878,1.2119105016799914,1.5279860496520996
0.7987545132637024,346128.6875,0.9932849112786414,2.974485600621417,1.5602634107681261,1.5078994035720825
0.852387011051178,275700.9375,0.996977530206571,2.750918591649249,1.7350642835708605,1.4956978559494019
0.8201519846916199,215977.796875,0.9951135190336098,2.750918591649249,1.7350642835708605,1.4956978559494019
0.7724349498748779,222442.625,0.9900879874632069,2.611297810704425,1.8652446424575793,1.4818341732025146
0.7791644930839539,244122.671875,0.9910254598200863,2.4616920596668272,1.8423860227676379,1.494585633277893
0.761625349521637,308027.28125,0.9883769799108738,2.4616920596668272,1.8423860227676379,1.494585633277893
0.8044874668121338,354251.03125,0.9938325505317191,2.0948755389759093,1.5846693670364367,1.5550528764724731
0.8227949142456055,328362.21875,0.9953019615907603,1.5309812671253233,1.2219164526077257,1.59978187084198
0.8097978830337524,300303.90625,0.9943002832890111,1.5309812671253233,1.2219164526077257,1.59978187084198
0.618432879447937,97959.328125,0.91315798346069,0.9700586444446593,0.835942522248839,1.5377910137176514
0.7826552987098694,231574.296875,0.9914767905668447,1.5582944995471983,1.3529050504775988,1.3016074895858765
0.8161979913711548,264713.0625,0.9948175143845803,1.5582944995471983,1.3529050504775988,1.3016074895858765
0.8227386474609375,405129.25,0.9952980258510165,2.0168430453846007,1.6993262922378527,1.2757413387298584
0.8248153328895569,386579.125,0.9954411401935702,2.2870638019153624,1.8825047170730578,1.219763159751892
0.8180932402610779,408519.25,0.9949615515848358,2.2870638019153624,1.8825047170730578,1.219763159751892
0.81983882188797,373517.84375,0.9950906993312149,2.3795749789783507,1.8865082418533312,1.1559110879898071
0.8256897926330566,365829.25,0.995500102263609,2.3767788058826476,1.862384573182677,1.102216362953186
0.8250678181648254,349601.8125,0.9954582427673302,2.351138318211749,1.8491137182327257,1.039050817489624
0.7801198959350586,368594.625,0.9911512738720889,2.30919095340462,1.8258488332839953,0.8260579109191895
0.8229214549064636,400416.15625,0.9953108009002213,2.2865354663440733,1.8068525945754992,0.7430697679519653
0.7975064516067505,421941.375,0.9931594612383559,2.254558766514972,1.7665393507095324,0.6517830491065979
0.7713705897331238,428080.65625,0.9899311451524293,2.2319843417713194,1.7450220739456164,0.6307956576347351
0.7507150173187256,428523.1875,0.9863573067865019,2.2055990344593077,1.7457330381484972,0.5832096934318542
0.7568169832229614,431645.40625,0.9875257645725362,2.2055990344593077,1.7457330381484972,0.5832096934318542
0.8179623484611511,408535.90625,0.9949517328075256,2.1923534518787413,1.7530186330886828,0.639040470123291
0.7914808392524719,422202.0625,0.9925204487533834,2.169039929539874,1.763592497071837,0.9469596743583679
0.8492076396942139,383912.96875,0.9968306743059491,2.1795045978138,1.7753336584182726,1.4045538902282715
0.8397678136825562,288732.40625,0.9963515111355121,2.182443822056964,1.7707231199356066,1.7209755182266235
0.8050001859664917,216325.46875,0.9938793191331652,2.182443822056964,1.7707231199356066,1.7209755182266235
0.6787986159324646,185246.40625,0.9615729209399934,2.168071950108722,1.7560088789077746,1.8337346315383911
0.7157560586929321,136338.90625,0.9773075065542819,2.154872143895343,1.741293207368468,1.7790483236312866
0.7150885462760925,208419.328125,0.977087872558311,2.1252967959949522,1.7613413488479601,1.7298821210861206
0.7793629765510559,237712.546875,0.9910517416567228,1.9556009418079405,1.9076483404251086,1.7328708171844482
0.7407346367835999,241512.5625,0.9842120888346366,1.9556009418079405,1.9076483404251086,1.7328708171844482
0.7359881401062012,241006.171875,0.9830799022874679,1.6621782428333312,2.195606008729552,1.7367173433303833
0.3165683150291443,214129.125,0.4360020317539373,1.2210647708484679,2.621887937745665,1.704433560371399
0.6726528406143188,252382.1875,0.9581210519045844,0.585677350194171,3.2105329191299425,1.6354477405548096
0.7321691513061523,190800.71875,0.9821120780502403,0.04388829532356553,3.7118454134078966,1.6159173250198364
0.6725333333015442,226728.046875,0.9580511653559544,0.04388829532356553,3.7118454134078966,1.6159173250198364
0.6828511357307434,229792.71875,0.963702134231623,0.31104448971061416,4.044110790452574,1.5997551679611206
0.6853356957435608,208965.0,0.9649524360962121,0.49047163662223525,4.20845843907318,1.5550251007080078
0.7463663816452026,197138.96875,0.9854600189208271,0.5491989010265321,4.261127248963927,1.520566463470459
0.69968181848526,198244.515625,0.9714148268916567,0.5667407864025087,4.2667768156143175,1.5087978839874268
0.793794572353363,180308.34375,0.9927725078330984,0.5667407864025087,4.2667768156143175,1.5087978839874268
0.7681268453598022,125825.4765625,0.9894379563561257,0.5493171566417665,4.294736639222716,1.5169072151184082
0.7101204991340637,48740.12109375,0.9753879296575974,0.5859382503917665,4.503140226564025,1.5673967599868774
0.4529249668121338,28086.322265625,0.5982733168279919,0.9549606197765321,5.778047934732054,1.6182451248168945
0.77480548620224,109511.15625,0.9904287230458171,1.2092769497325868,6.561458185872649,1.691096305847168
0.7452704310417175,80842.5234375,0.9852249515770177,1.4850242489269228,7.3512074952932345,1.784679889678955
0.7883617281913757,61681.32421875,0.9921668671130263,1.4850242489269228,7.3512074952932345,1.784679889678955
0.7320165634155273,56415.12109375,0.9820723136833953,1.7346160763195009,8.094573692044829,1.843419075012207
0.8244795799255371,19467.720703125,0.9954182982672937,3.663069521754071,13.998653188905333,1.6118855476379395
0.8180484771728516,22546.265625,0.9949581958217075,4.240365778773114,15.74245239850006,1.6402064561843872
0.7359104752540588,23652.853515625,0.9830607361529229,4.784682070582196,17.37626244183502,1.6773643493652344
0.8019999265670776,20713.0546875,0.9936005773901235,5.24157694515495,18.719490781983946,1.6696900129318237
0.8521587252616882,19056.02734375,0.9969672150471187,5.24157694515495,18.719490781983946,1.6696900129318237
0.8274301886558533,16903.498046875,0.9956152087846506,5.659200465052411,19.8957517301651,1.6547218561172485
0.8395704030990601,16281.55078125,0.9963407573329002,6.024690424769208,21.014485136231993,1.5917396545410156
0.874546468257904,15383.3076171875,0.9978291733537031,6.342361246912763,21.981666341981505,1.56230628490448
0.43897029757499695,8636.072265625,0.4812644097344736,6.566415583460614,22.638245359620665,1.544958233833313
0.8804192543029785,16183.142578125,0.9980116177283158,6.7098996990612,22.996875539979552,1.5001301765441895
0.8319909572601318,15693.7587890625,0.995903168653788,6.793475901453778,23.16782738324127,1.4605742692947388
0.708915650844574,14530.91796875,0.9749578123949144,6.836681162684247,23.24160839673004,1.4272404909133911
0.9369093179702759,14690.0283203125,0.9991462646159726,6.852512156336591,23.278949514588927,1.4291218519210815
0.9361048936843872,14144.171875,0.9991359156570994,6.852512156336591,23.278949514588927,1.4291218519210815
0.9024111032485962,13889.0615234375,0.998568997462542,6.8750665539195985,23.306041494569396,1.4388201236724854
0.9408959746360779,14302.58984375,0.9991957549254128,6.894288813441083,23.33683659192047,1.4704277515411377
0.892758309841156,15222.322265625,0.9983466630189406,6.914998804896161,23.37740398999176,1.5126713514328003
0.9283294677734375,13591.0107421875,0.9990291969336115,6.914998804896161,23.37740398999176,1.5126713514328003
0.9312343001365662,14742.3310546875,0.9990705247915329,6.954143320887372,23.435581937989806,1.531959891319275
0.9188880324363708,16205.3779296875,0.9988817737310962,6.998519694178388,23.494875684938048,1.5244208574295044
0.9001193046569824,13206.9453125,0.9985190721135042,7.025989329188153,23.53764225598297,1.5007625818252563
0.9045472145080566,12029.953125,0.998614018130155,7.042203699915692,23.582268491944884,1.4694744348526
0.9134606719017029,14041.91796875,0.9987871219477646,7.042203699915692,23.582268491944884,1.4694744348526
0.8969768285751343,12452.2080078125,0.9984477789200366,7.071819102137372,23.623371854981993,1.4575802087783813
0.8763740062713623,14937.6875,0.9978876674562145,7.130954539149091,23.755406156739806,1.4963419437408447
0.7717245221138,9878.8955078125,0.9899835688504754,7.873061930506513,25.70856167431793,1.6620581150054932
0.8750073313713074,11758.845703125,0.997844074666453,8.170621668665692,26.504572645387267,1.7456796169281006
0.7800132036209106,10035.5263671875,0.9911373104765582,8.170621668665692,26.504572645387267,1.7456796169281006
0.811832070350647,9457.4619140625,0.9944699923884723,8.489150797694013,27.302122846803282,1.832045078277588
0.911077618598938,12808.18359375,0.9987430749161458,8.794816767542645,28.074360624513243,1.8778750896453857
0.8482499122619629,12796.9736328125,0.9967850611322666,9.07897928890495,28.802265897950743,1.8644382953643799
0.7073898911476135,13566.6845703125,0.9744028108837426,10.466449534266278,32.89467693921051,1.6629958152770996
0.9214832186698914,9717.984375,0.9989243908816159,11.010614191859052,34.53150250073395,1.6950902938842773
0.8123753070831299,10222.4248046875,0.994514460540564,11.010614191859052,34.53150250073395,1.6950902938842773
0.9244863390922546,10683.283203125,0.9989716873237968,11.50947359737663,35.982683912477114,1.7323411703109741
0.8147077560424805,9631.5439453125,0.9947013975663757,12.001680170862958,37.39172436352692,1.7624956369400024
0.7841384410858154,9537.177734375,0.9916617078195935,12.472089564173505,38.76242710705719,1.7721365690231323
0.8393393158912659,10829.9013671875,0.9963281290076265,12.472089564173505,38.76242710705719,1.7721365690231323
0.618871808052063,7262.4755859375,0.9136458473013889,14.256217753260419,44.12650562878571,1.5698848962783813
0.9144270420074463,6675.71728515625,0.863169958068795,15.21921709713249,47.01105381604157,1.5911884307861328
0.5572322010993958,8402.021484375,0.6884372710932821,15.21921709713249,47.01105381604157,1.5911884307861328
0.8790204524993896,6472.859375,0.9979695993087458,15.785421168177411,48.71487309094391,1.5817824602127075
0.8485069870948792,6324.02734375,0.8679470731447283,16.349916254847333,50.39475895520172,1.589045763015747
0.8672555088996887,7133.982421875,0.997579305714183,16.969810282557294,52.12008549328766,1.625644564628601
0.8039079904556274,7298.07080078125,0.993779266676643,18.402660166590497,56.18665958996735,1.5163626670837402
0.869401216506958,6975.0859375,0.9976556772025826,19.078460490076825,58.12576557751618,1.5630828142166138
0.7653319239616394,7695.33935546875,0.988994037127286,20.199847971766278,61.312701002320864,1.4451090097427368
0.7096003890037537,5776.224609375,0.9752031304681691,20.246408259241864,61.40334202404938,1.4399720430374146
0.877957820892334,6606.11865234375,0.9979370886504255,20.278213297694013,61.46154286023102,1.4493167400360107
0.7146978378295898,6477.4345703125,0.8551596214822319,20.278213297694013,61.46154286023102,1.4493167400360107
0.8032188415527344,6282.35302734375,0.8719195464625127,20.277116572230145,61.497462049684145,1.4629226922988892
0.750006914138794,5351.67431640625,0.9862149748751848,20.276952540247724,61.53304936047516,1.4658524990081787
0.5264062881469727,6211.62255859375,0.6268117222922869,20.279462611048505,61.55652119275055,1.4668755531311035
0.8289076685905457,6226.30419921875,0.8751846345316285,20.293468272059247,61.61258961316071,1.4551832675933838
0.8483849167823792,7661.06494140625,0.9967915302136471,20.32505968746452,61.66763188000641,1.4585894346237183
0.6703488826751709,6535.2919921875,0.9567545815249623,20.349284922449872,61.71740986462555,1.4777004718780518
0.6576663851737976,6681.2333984375,0.948471288530824,20.349284922449872,61.71740986462555,1.4777004718780518
0.9152393341064453,6252.19287109375,0.8417611457288,20.44518450435905,61.810015455445864,1.5779955387115479
0.8321983218193054,8688.33984375,0.9959158052924711,20.44518450435905,61.810015455445864,1.5779955387115479
0.8129411339759827,10566.0966796875,0.9945604011988941,20.75463083919792,61.79118610974274,1.6439836025238037
0.846071183681488,9148.00390625,0.9966788494105341,21.285056864588544,61.66348148938141,1.6716452836990356
0.9205134510993958,9561.244140625,0.9989086588322934,21.806142603724286,61.549132124147036,1.679162859916687
0.6754249930381775,5578.5234375,0.9597122324791085,21.806142603724286,61.549132124147036,1.679162859916687
0.9330075979232788,9941.3427734375,0.9990948855978746,22.287538325159833,61.459952131471255,1.6774852275848389
0.8825399875640869,8693.7060546875,0.998073674776201,22.598718439905927,61.41447331067047,1.6477792263031006
0.8200182318687439,8889.2861328125,0.9951037855220652,22.774659907191083,61.39972569104157,1.614754557609558
0.8572208285331726,6478.01123046875,0.8328632675595771,22.774659907191083,61.39972569104157,1.614754557609558
0.6172959208488464,10746.0390625,0.9118836168778469,22.993737971155927,61.37344242688141,1.6186716556549072
0.819697916507721,9119.625,0.9950803972800311,23.380403315394208,61.293352857789614,1.6441524028778076
0.6336283087730408,9081.6708984375,0.9287565122040993,24.101571833460614,61.09756352063141,1.6650193929672241
0.913626492023468,10169.4736328125,0.9987901289062516,24.101571833460614,61.09756352063141,1.6650193929672241
0.8706024289131165,7750.802734375,0.9976973787244277,25.01124361690788,60.8206203138443,1.7072415351867676
0.8093492388725281,6603.47021484375,0.8565792783725881,25.726354395716474,60.592310682496645,1.7474610805511475
0.9307953715324402,10438.3369140625,0.9990643945659319,26.39841631588249,60.373438612184145,1.7619249820709229
0.824356734752655,6915.609375,0.9954099124942992,26.39841631588249,60.373438612184145,1.7619249820709229
0.9295341372489929,8438.4365234375,0.9990465541954409,27.002511774866864,60.156824842652895,1.74397611618042
0.9371731877326965,8332.841796875,0.9991496322611367,27.45568255123405,59.93675114270172,1.7065728902816772
0.8999403715133667,11776.4921875,0.9985151018148974,28.027219569056317,57.704405561647036,1.6576193571090698
0.923701286315918,8353.3115234375,0.9989595276625334,27.9844415539196,56.93744541760407,1.680263876914978
0.9277801513671875,7612.5771484375,0.9990211777972171,27.920835291712567,56.40821720715485,1.65232253074646
0.7730815410614014,6908.71826171875,0.862364046907091,27.920835291712567,56.40821720715485,1.65232253074646
0.7506323456764221,9205.244140625,0.9863407636749535,27.867856776087567,56.0595119154068,1.5905091762542725
0.7496798634529114,7426.97705078125,0.9861487477284182,27.87038210567741,55.90337635632477,1.5504398345947266
0.39776501059532166,6645.9853515625,0.5064871267615936,27.98225954708366,55.85633350964508,1.5679465532302856
0.8531109094619751,9127.3857421875,0.997010009374319,27.98225954708366,55.85633350964508,1.5679465532302856
0.5046180486679077,7870.94384765625,0.7103864565568416,28.39026430782585,55.812186018190005,1.6281423568725586
0.6408759951591492,9506.685546875,0.935304259314643,29.120507990687177,55.68114735241852,1.665628433227539
0.3977958858013153,8407.3837890625,0.5065276972718146,30.0386407726696,55.49802662487946,1.6894590854644775
0.9274516105651855,6238.677734375,0.9990163500625495,30.0386407726696,55.49802662487946,1.6894590854644775
0.9465783834457397,8784.021484375,0.9992613845204893,30.859643732874677,55.3329608594986,1.6906886100769043
0.8904785513877869,8187.513671875,0.998289311035649,31.466455256312177,55.237810865602114,1.6766217947006226
0.9020085334777832,8548.9462890625,0.9985603509231018,31.862417017786786,55.15836979504547,1.6429967880249023
0.9360924363136292,9370.72265625,0.9991357543969218,31.862417017786786,55.15836979504547,1.6429967880249023
0.8926391005516052,5486.53466796875,0.844233334706206,32.22188738521842,55.045225874147036,1.6658958196640015
0.5744831562042236,10730.298828125,0.8520866619322771,33.75171068844108,54.437681928834536,1.6373378038406372
0.8090678453445435,9817.126953125,0.869221134135372,34.969556605189126,53.92113758679352,1.6303225755691528
0.9095707535743713,8271.6943359375,0.9987144027088612,36.02293566402702,53.45041538830719,1.6436893939971924
0.8471109867095947,9736.9599609375,0.9967299675532987,36.784280573694986,53.0962665235611,1.6352211236953735
0.7080885767936707,11343.142578125,0.9746584045467175,36.784280573694986,53.0962665235611,1.6352211236953735
0.8436275720596313,10688.9072265625,0.996555568651574,37.3082826488903,52.86717487927399,1.5973479747772217
0.7817959785461426,8875.4853515625,0.9913678077535368,37.584443842737954,52.74077107068024,1.5524097681045532
0.8182168006896973,9706.4140625,0.9949708029877771,37.69791201290397,52.67643620129547,1.5216559171676636
0.9243999719619751,9203.1728515625,0.9989703565559089,37.69791201290397,52.67643620129547,1.5216559171676636
0.8858821988105774,6809.12939453125,0.9981675790844217,37.76097277340202,52.61624027844391,1.4991189241409302
0.8724738955497742,6568.958984375,0.9977608811816874,37.882810389368814,52.54310108777008,1.4984748363494873
0.925956666469574,8296.5419921875,0.8531817065446954,38.0015199535778,52.49041248913727,1.524171233177185
0.8671911358833313,8686.693359375,0.9975769766284005,38.37898806270866,52.32010914441071,1.5850633382797241
0.9281947016716003,7359.64990234375,0.9990272356386022,38.816873347132486,52.11488224621735,1.6015599966049194
0.9039531350135803,8930.8447265625,0.998601641087271,38.816873347132486,52.11488224621735,1.6015599966049194
0.6265143156051636,5605.4892578125,0.9217795958930992,39.31214312252311,51.90671803112946,1.571631669998169
0.6355156302452087,8160.1259765625,0.9305148231781526,39.776338373987954,51.737173811158755,1.5117896795272827
0.8877432346343994,6203.12109375,0.9982178748732347,40.17352465328483,51.55551411267243,1.4641896486282349
0.9295147061347961,8322.9521484375,0.999046276698373,40.600259577601236,51.33232380505524,1.4395846128463745
0.907738447189331,8983.884765625,0.9986786574341533,40.600259577601236,51.33232380505524,1.4395846128463745
0.8122817277908325,8733.5439453125,0.9945068256788887,40.831453120081704,51.16271473523102,1.448182225227356
0.8982520699501038,11104.634765625,0.9984771139377935,40.823674952357095,50.92306782360993,1.4842119216918945
0.7119799852371216,7181.57470703125,0.976037893891601,40.65411547359733,50.57628132458649,1.5259344577789307
0.8441005349159241,7112.029296875,0.9965797796743467,40.65411547359733,50.57628132458649,1.5259344577789307
0.890153706073761,7594.283203125,0.9982809789913639,40.40132311519889,50.134424940309145,1.5738154649734497
0.6100637912750244,6065.68603515625,0.903412199185581,39.04830340084342,47.79068256970368,1.5126174688339233
0.8896596431732178,8672.0185546875,0.9982682290143869,38.50670412716178,46.91826893444977,1.4957146644592285
0.8221035599708557,6633.6103515625,0.9952533753329682,38.047620570032876,46.209612623414614,1.5337023735046387
0.8835678100585938,7819.6611328125,0.9981030526350543,38.047620570032876,46.209612623414614,1.5337023735046387
0.2823374271392822,6088.8671875,0.4220762707010539,37.63047960933952,45.570067182740786,1.5933758020401
0.9126386046409607,8842.8134765625,0.9987721041266197,37.231965815394204,44.96134831067047,1.6337252855300903
0.9409582614898682,9848.1875,0.9991965049644704,36.80052355465202,44.300745741090395,1.6456410884857178
0.8667542338371277,7895.74365234375,0.9975611098779186,36.80052355465202,44.300745741090395,1.6456410884857178
0.5095789432525635,7621.73974609375,0.7215156189253848,36.39918688473014,43.677202955445864,1.6020455360412598
0.8682275414466858,7261.404296875,0.8641322901440509,35.85737017330436,42.88596607800446,1.4865787029266357
0.9108178615570068,8468.2646484375,0.9987381782392316,35.37740114864616,42.214232221803286,1.4159568548202515
0.8984251022338867,7894.1640625,0.8619510135013808,35.049539362757486,41.74173618908844,1.34758722782135
0.9260796308517456,7575.91650390625,0.8628047821963164,35.049539362757486,41.74173618908844,1.34758722782135
0.9115549325942993,8357.6298828125,0.8652233095929897,34.84394243892936,41.43734623547516,1.305648922920227
0.6499764919281006,9410.8623046875,0.9427720685921729,34.70126131710319,41.20597721692047,1.301856279373169
0.9038839340209961,8064.833984375,0.8536769506309045,34.526773249476236,40.925616041383364,1.3234444856643677
0.9039365649223328,6363.73681640625,0.8737397192211709,34.34070757564811,40.63904072400055,1.3163076639175415
0.6200726628303528,10645.75,0.9149689367365623,34.34070757564811,40.63904072400055,1.3163076639175415
0.8853251338005066,7951.06982421875,0.8397445339715673,34.17299441036491,40.37039066906891,1.3371168375015259
0.9454850554466248,11261.498046875,0.9992491867061689,34.124727045862954,40.18429829235993,1.3822463750839233
0.9116206169128418,10489.28515625,0.9987532497658501,34.33053377804069,39.922728315553286,1.42610502243042
0.8454316854476929,12349.302734375,0.996647016973871,34.33053377804069,39.922728315553286,1.42610502243042
0.8497991561889648,8321.8876953125,0.8692524678411901,34.71521929439811,39.56474568005524,1.4576687812805176
0.6940589547157288,9603.2060546875,0.9690291234416258,35.18396929439811,39.119145170411684,1.4784785509109497
0.729423999786377,7663.80126953125,0.8592863774081994,35.62971666988639,38.67775036450348,1.4764806032180786
0.9431638717651367,10953.294921875,0.999222619114887,36.04821184810905,38.26724506970368,1.4948124885559082
0.8082002401351929,9273.7548828125,0.994163386500491,36.04821184810905,38.26724506970368,1.4948124885559082
0.5141454339027405,12376.240234375,0.731708353620065,37.419805323450845,37.099613920411684,1.5018360614776611
0.8910639882087708,8655.58984375,0.8713200413378404,38.409559046595376,36.26676060315094,1.4989070892333984
0.806877613067627,8895.421875,0.9940475955041155,39.328321253626626,35.466389433107,1.5422289371490479
0.9491520524024963,8707.75390625,0.9992893222814128,39.328321253626626,35.466389433107,1.5422289371490479
0.855581521987915,7932.9814453125,0.997118265467326,40.38924959835319,34.40861965771637,1.5975632667541504
0.9457018375396729,10340.158203125,0.9992516211406275,40.38924959835319,34.40861965771637,1.5975632667541504
0.8224098682403564,9886.8232421875,0.9952749629300994,40.951997553675454,33.772953764161684,1.5991544723510742
0.9219427704811096,13013.1826171875,0.998931766711899,41.418489252894204,33.20348812695465,1.5361906290054321
0.8649939894676208,12397.7275390625,0.9974961288959994,41.666013514368814,32.65614964123688,1.4465144872665405
0.8917455077171326,10614.8740234375,0.9983214245026697,40.75798586544303,30.682816282472228,1.345786690711975
0.9430979490280151,8988.1640625,0.8607117792244943,40.096967493861,29.87198521252594,1.3547451496124268
0.7787413597106934,10661.87890625,0.9909691772961202,39.52175692257194,29.23294712658844,1.3674122095108032
0.7347647547721863,9649.0302734375,0.9827755346813947,39.104375635950845,28.77750279065094,1.3388005495071411
0.8667048215866089,9297.2861328125,0.9975593089057575,39.104375635950845,28.77750279065094,1.3388005495071411
0.817396879196167,9765.119140625,0.994909095917834,38.79770449337272,28.44626690503082,1.315236210823059
0.8391831517219543,8295.48828125,0.864066544864471,38.730806147425454,28.282809034547423,1.3146260976791382
0.6551946401596069,10785.81640625,0.9466978498297067,38.93166521724967,28.101563230714415,1.307438611984253
0.7843542098999023,9251.8486328125,0.9916882780989255,39.307203089564126,27.833456770143126,1.2851507663726807
0.8793922662734985,8870.8759765625,0.9979808537680201,39.52329043087272,27.687458769044493,1.290703296661377
0.8898876905441284,8942.521484375,0.8487134921127406,39.95095614132194,27.359675184449767,1.3444492816925049
0.8883229494094849,12268.77734375,0.9982332591514891,40.393201624720376,26.903876081666564,1.4193016290664673
0.7008192539215088,9923.072265625,0.9718757299844346,40.393201624720376,26.903876081666564,1.4193016290664673
0.8710002899169922,10988.6884765625,0.9977110273954699,40.818391596644204,26.40479542370758,1.4514578580856323
0.9481033682823181,11552.8125,0.9992780683158987,41.20693377193717,25.873148695191954,1.4433000087738037
0.8399145603179932,8202.3232421875,0.9963594846325936,41.46309450802116,25.314896360597228,1.4338537454605103
0.5236820578575134,13259.119140625,0.7527312840054083,41.46796587642936,24.55476643200836,1.4175240993499756
0.8329595923423767,10482.4013671875,0.9959618655905214,40.43471316036491,22.803228155335997,1.3944684267044067
0.9399598836898804,11339.2001953125,0.9991843980245344,40.43471316036491,22.803228155335997,1.3944684267044067
0.9007782936096191,10660.822265625,0.9985336031191083,39.67143419918327,22.006265417298888,1.454099416732788
0.7706246376037598,9711.6826171875,0.9898197714858286,38.93349627193717,21.329190031251525,1.494360327720642
0.5821486711502075,7737.7939453125,0.864525189853156,38.2648141735485,20.750228658876036,1.5122730731964111
0.8893705606460571,11341.326171875,0.9982607251650438,37.54115847286491,20.148971334657286,1.4617503881454468
0.9170064330101013,12086.251953125,0.9988498246715269,37.54115847286491,20.148971334657286,1.4617503881454468
0.6109291315078735,11238.453125,0.9044594722440976,36.74574831661491,19.54000927563629,1.3983858823776245
0.8671175837516785,11299.9765625,0.9975743126993826,35.83593920406608,18.79554726239166,1.2767651081085205
0.8672871589660645,8259.6064453125,0.9975804500428112,35.73481920894889,18.6523959791275,1.2804794311523438
0.9037612676620483,11534.1484375,0.9985976202293598,35.73481920894889,18.6523959791275,1.2804794311523438
0.7753239870071411,13228.537109375,0.9905017011455715,35.579168116419595,18.475004926881407,1.3178880214691162
0.7979287505149841,9404.8662109375,0.9932021661464202,35.32976320919303,18.214107290467833,1.4220889806747437
0.5684113502502441,10394.7939453125,0.8417036477233071,34.817544733851236,17.752932325563048,1.48145592212677
0.8274335861206055,10987.8818359375,0.9956154305909188,33.123697077601236,16.339478269776915,1.4147084951400757
0.8668164014816284,10044.056640625,0.9975633738977092,32.38474825557975,15.699888006410216,1.4124939441680908
0.7176192998886108,10212.2314453125,0.9779099226954704,32.38474825557975,15.699888006410216,1.4124939441680908
0.861076831817627,12634.6376953125,0.9973452703487872,31.865815913050458,14.92224861737213,1.4483428001403809
0.7976567149162292,12461.140625,0.9931746868812884,31.865815913050458,14.92224861737213,1.4483428001403809
0.9355357885360718,10943.013671875,0.9991285185120327,31.82646349605827,14.349327818116759,1.498358964920044
0.8524504899978638,11757.3759765625,0.9969803922753526,31.904287134974286,13.665174261293028,1.5323010683059692
0.6056081652641296,12228.2314453125,0.8978725416188611,32.103269373743814,12.63177706356964,1.4951233863830566
0.631321370601654,13303.818359375,0.9265551028558656,32.424505030482095,11.246170774659728,1.4457170963287354
0.7557662725448608,11958.158203125,0.9873317887734198,32.424505030482095,11.246170774659728,1.4457170963287354
0.7489212155342102,13807.607421875,0.9859939246215423,32.845334803431314,9.743903175553893,1.4395064115524292
0.9255669116973877,13060.7978515625,0.9989881925955761,33.27644900020866,8.367259279450987,1.476406455039978
0.8206911087036133,13518.1220703125,0.9951525579752478,33.64818361934928,7.330878459474658,1.4861446619033813
0.8393458724021912,13050.560546875,0.9963284879064331,33.64818361934928,7.330878459474658,1.4861446619033813
0.948283314704895,13773.92578125,0.9992800119940666,33.89075640377311,6.6245203172775255,1.4711558818817139
0.8538053631782532,12034.994140625,0.9970408410626975,34.0365541332653,6.088400975427245,1.497375249862671
0.8247545957565308,12377.4541015625,0.9954370164893552,34.20311144527702,5.4268601095291125,1.529290795326233
0.4207262396812439,12145.0263671875,0.5400512755619931,34.47863176998405,4.4016995584579455,1.4733281135559082
0.5064862966537476,13375.54296875,0.71458266570756,34.47863176998405,4.4016995584579455,1.4733281135559082
0.7718840837478638,13366.353515625,0.9900071149683709,34.86616686519889,3.024839178285216,1.4403648376464844
0.9139339923858643,11873.498046875,0.9987956854229391,35.254007136194986,1.5542705213638293,1.5224533081054688
0.8716344237327576,11916.064453125,0.9977326150098325,35.60715273556022,0.1826803838821398,1.5782567262649536
0.9349700212478638,13846.3525390625,0.9991211020925976,35.85172060665397,0.8134500825790418,1.5733416080474854
0.902621328830719,14067.0185546875,0.9985734921439582,35.85172060665397,0.8134500825790418,1.5733416080474854
0.8618881106376648,13796.0361328125,0.9973772401050945,36.06501940426139,1.5223724687484754,1.5387399196624756
0.8904072046279907,13015.66796875,0.9982874845203027,36.219854151575845,1.9978229844955457,1.4507373571395874
0.8991379141807556,12023.4072265625,0.9984971653398083,36.29807070431022,2.4844295823959364,1.397180199623108
0.8304740786552429,11330.9541015625,0.995809542630791,36.29807070431022,2.4844295823959364,1.397180199623108
0.873246431350708,12264.0830078125,0.9977865832759751,36.31769732174186,3.0418293321517957,1.3984763622283936
0.766025185585022,10500.6474609375,0.989105826994781,36.350957667200845,3.688220247068788,1.450679063796997
0.9062807559967041,11738.2568359375,0.9986495133720774,36.3749330395153,4.041817888059999,1.4848402738571167
0.8157490491867065,11714.7509765625,0.9947828015196282,36.408853327601236,4.840954049864198,1.559462070465088
0.5387500524520874,13364.1015625,0.7848130968978007,36.43602541622428,5.75266478899994,1.6252168416976929
0.8422254920005798,13454.1025390625,0.9964827901528293,36.43602541622428,5.75266478899994,1.6252168416976929
0.7704921364784241,10920.3310546875,0.9897998623081232,36.45464113888053,6.784770234861757,1.6582006216049194
0.8100495934486389,12336.4384765625,0.9943215595691446,36.4471986645153,7.94803832415619,1.5885636806488037
0.6988023519515991,11830.5634765625,0.9710535461770291,36.42382982906608,9.273003801145936,1.4836345911026
0.8760968446731567,11363.7021484375,0.9978788984156535,36.37846544918327,9.938792451658632,1.4614431858062744
0.8980837464332581,11374.2958984375,0.9984732738137676,36.19587877926139,11.322875245848085,1.4840061664581299
0.8934248685836792,12510.3818359375,0.9983630664662204,36.19587877926139,11.322875245848085,1.4840061664581299
0.9498969912528992,12245.4189453125,0.9992972100131042,35.95940188106803,12.503993257322694,1.5541460514068604
0.7954725623130798,10504.501953125,0.9929500415774246,35.709417139857095,13.577594026365663,1.6155741214752197
0.7470709085464478,11077.849609375,0.9856092009303317,35.441255366175454,14.58059619311371,1.6687065362930298
0.8761508464813232,12708.4912109375,0.9978806098068842,35.11820009884147,15.672238572874452,1.6305371522903442
0.5502675175666809,12427.126953125,0.8080314584875374,35.11820009884147,15.672238572874452,1.6305371522903442
0.6250555515289307,13202.107421875,0.9202790764225761,33.98748949703483,18.96688197497406,1.4580093622207642
0.8344369530677795,10534.3662109375,0.9960497853873043,33.98748949703483,18.96688197497406,1.4580093622207642
0.9228947162628174,10844.2373046875,0.9989468852380319,33.2968080395153,20.797612413206483,1.5038636922836304
0.9213519096374512,11301.21875,0.9989222740509346,32.67473009762077,22.43393443469086,1.566160798072815
0.8979326486587524,11555.4228515625,0.9984698184509546,32.16758898433952,23.80152247790375,1.5860487222671509
0.8424235582351685,13865.220703125,0.9964931632693108,32.16758898433952,23.80152247790375,1.5860487222671509
0.8539317846298218,12036.5859375,0.9970464196656323,31.78626040157585,24.83430598620453,1.5235486030578613
0.7835670113563538,13175.9990234375,0.9915909354100171,31.552915369837567,25.543088182249452,1.4547076225280762
0.8776270151138306,11467.9140625,0.9979268623494131,31.44687822994499,25.992139085569764,1.363530158996582
0.8651658296585083,11487.892578125,0.9975025477383178,31.44687822994499,25.992139085569764,1.363530158996582
0.8398937582969666,11772.634765625,0.9963583554146224,31.398366724818036,26.214646562376405,1.2758277654647827
0.9255517721176147,10059.7998046875,0.9989879631728829,31.325761591761395,26.34592936877289,1.2024332284927368
0.769454300403595,9825.4912109375,0.989642591363429,31.237024103968427,26.378987535276796,1.1978284120559692
0.9197365641593933,8037.75048828125,0.998895890243716,31.162439143030927,26.347153886595155,1.2258961200714111
0.825764000415802,11106.9697265625,0.9955050708498475,30.8986261242321,26.17720149401703,1.303335428237915
0.9188755750656128,10139.1494140625,0.9988815651339567,30.55226687130241,25.95641063097992,1.3821160793304443
0.9159653186798096,9809.818359375,0.9988317569654834,30.55226687130241,25.95641063097992,1.3821160793304443
0.7422572374343872,9268.0,0.9845594084471208,28.273488795130536,24.322623475828554,1.3940037488937378
0.9189662337303162,12358.078125,0.9988830822151369,27.190255915491864,23.482814058103944,1.4231020212173462
0.8920106291770935,14405.01171875,0.9983280680879737,26.311532770960614,22.81438182238617,1.443703055381775
0.5672889351844788,13683.515625,0.8397338782768399,25.303815638392255,22.24961589221039,1.3958581686019897
0.6190353035926819,15134.685546875,0.9138269870230884,25.1037042492321,22.606295808592225,1.4305272102355957
0.6343426704406738,14049.9619140625,0.9294265268315429,25.1037042492321,22.606295808592225,1.4305272102355957
0.6238514184951782,13112.3837890625,0.919022176408112,24.66377810177116,23.277545198240663,1.4147075414657593
0.7345519065856934,12789.095703125,0.9827220400069795,24.033536707728192,24.144654496946718,1.4221601486206055
0.8241257667541504,12972.2822265625,0.9953941047793626,23.329870020716474,25.056271775999452,1.501994013786316
0.8573543429374695,9964.8671875,0.9971935338096953,22.694597040980145,25.90284083727875,1.5696479082107544
0.8339948654174805,13101.69921875,0.9960236774094773,22.409513270228192,26.282593950071718,1.588754415512085
0.9181479215621948,12544.9287109375,0.99886931391272,22.1461847179821,26.63441584948578,1.6047134399414062
0.8857276439666748,9984.3759765625,0.9981633390513026,21.65000322994499,27.271443589964296,1.6587992906570435
0.9070718884468079,10304.7529296875,0.9986654094208068,21.189775263636395,27.842835649290468,1.7007838487625122
0.9040707945823669,10303.71484375,0.9986041011345743,20.65182856258659,28.503422960081483,1.6617100238800049
0.691530704498291,14156.384765625,0.9678960880027632,18.759687220423505,30.68116877917328,1.5349403619766235
0.9044748544692993,12501.9189453125,0.9986125164498612,17.663476740687177,31.89134715441742,1.61455237865448
0.8295853137969971,7274.2763671875,0.9957537016140366,17.663476740687177,31.89134715441742,1.61455237865448
0.9373302459716797,11174.783203125,0.9991516304448336,16.718204295008466,32.95741771105804,1.7137202024459839
0.92600017786026,11623.396484375,0.9989947360171598,15.851203715174481,33.95962260607757,1.7717807292938232
0.9482825398445129,12120.591796875,0.9992800036317464,15.106281077235028,34.84018824938812,1.732142448425293
0.9211236834526062,12167.4599609375,0.998918584913029,15.106281077235028,34.84018824938812,1.732142448425293
0.9049992561340332,12191.8427734375,0.9986233626737988,14.41569689449577,35.67904399279632,1.5861486196517944
0.88270503282547,12500.046875,0.9980784226001794,13.746322428553388,36.434239610472105,1.4796438217163086
0.5788927674293518,12718.8466796875,0.8593342350699515,13.357076441614911,36.88643382433929,1.4015597105026245
0.7628097534179688,15106.7216796875,0.9885777552995693,13.357076441614911,36.88643382433929,1.4015597105026245
0.7045467495918274,14763.39453125,0.9733371121774295,13.162256037562177,37.07705424670257,1.3628952503204346
0.9393762350082397,14798.150390625,0.9991772361447715,13.036544596522138,36.671944841184995,1.434890866279602
0.926078200340271,11702.826171875,0.9989959098593091,12.993831431238934,36.23664973620453,1.4605025053024292
0.8610923290252686,12275.7119140625,0.997345884660083,12.993831431238934,36.23664973620453,1.4605025053024292
0.8453928232192993,11183.2763671875,0.9966450727670584,12.968852793543622,34.448765977659605,1.4424793720245361
0.901178240776062,12245.3740234375,0.9985423526993281,12.967620646326825,33.142396196165464,1.4483442306518555
0.783587634563446,9848.796875,0.9915934998845034,12.977584635584638,31.893796190061952,1.509042739868164
0.7933882474899292,11074.5732421875,0.9927288580989639,12.980462824671552,30.68019984606781,1.5835801362991333
0.8063865900039673,11077.8984375,0.994004031881832,12.980462824671552,30.68019984606781,1.5835801362991333
0.8333657383918762,11707.48046875,0.9959862278224139,12.982295786707684,29.557244523802186,1.5420832633972168
0.6713727712631226,9355.9287109375,0.9573668518539362,12.924337183802411,28.427365525999452,1.4801158905029297
0.9287670254707336,15211.7646484375,0.9990355375989,12.607311045496747,23.231337770262147,1.4619804620742798
0.8618968725204468,15503.62890625,0.9973775832838545,12.607311045496747,23.231337770262147,1.4619804620742798
0.7051615715026855,17732.728515625,0.9735710943293765,12.440988337366864,21.322955354490663,1.5129854679107666
0.8024997711181641,10466.6943359375,0.993647872628899,12.29333475765495,19.869899019041444,1.5165132284164429
0.6017041802406311,12862.5537109375,0.8928136941068141,11.84132174190788,18.19614337328949,1.496625304222107
0.8638404607772827,20958.9921875,0.9974526131526493,11.315654551356122,17.83866618517914,1.5077482461929321
0.27634167671203613,22441.044921875,0.4202415358890376,11.315654551356122,17.83866618517914,1.5077482461929321
0.6965879797935486,23180.01953125,0.9701246046030201,10.347856318323895,17.53872035388031,1.4713596105575562
0.6809496879577637,26847.2265625,0.9627172077048489,9.023135935633466,17.30659030322113,1.4281301498413086
0.7664785385131836,22437.001953125,0.9891783276208057,7.6413019054820985,17.194701417723085,1.439117670059204
0.8238020539283752,19655.873046875,0.9953718585253504,7.6413019054820985,17.194701417723085,1.439117670059204
0.7860139608383179,19838.998046875,0.9918898917651389,6.412769114344403,17.197514756956483,1.4750640392303467
0.7796156406402588,20690.193359375,0.9910850880675792,5.2129829281261415,17.261100038328554,1.5310823917388916
0.8374572396278381,20193.18359375,0.863859016314731,4.043529307215497,17.38506053332367,1.5766676664352417
0.8025282025337219,19015.033203125,0.9936505524064453,4.043529307215497,17.38506053332367,1.5766676664352417
0.8287005424499512,21897.142578125,0.9956973778022222,2.9898622387340517,17.54836390856781,1.5947738885879517
0.48410308361053467,26630.86328125,0.6644004615091903,0.12388917270393662,18.130221589842225,1.4868175983428955
0.8308730125427246,21705.76953125,0.9958343699280695,1.195291722447589,18.33372233752289,1.4937167167663574
0.7470930218696594,20907.46484375,0.9856138591485963,3.030405247838214,18.71047137621918,1.5737433433532715
0.5734922885894775,21520.830078125,0.850423954205225,3.030405247838214,18.71047137621918,1.5737433433532715
0.755882740020752,19640.09375,0.9873534349122155,4.733060086400226,19.06396029833832,1.6740262508392334
0.8609627485275269,21048.640625,0.9973407437196792,6.260576451451495,19.400368913450624,1.7511156797409058
0.6624120473861694,17808.5390625,0.9517269888898124,7.5606610423633605,19.66714976672211,1.7981128692626953
0.8589447140693665,17803.216796875,0.9972593892307389,7.5606610423633605,19.66714976672211,1.7981128692626953
0.6558689475059509,18077.27734375,0.947187047005549,8.87712832751961,19.895352586546327,1.677927017211914
0.8092479705810547,18403.86328125,0.9942535257977714,10.365967775017932,20.140454515257264,1.5119597911834717
0.8254693746566772,19590.333984375,0.9954853118802782,11.56063582959862,20.318602784910585,1.4534821510314941
0.805241584777832,24807.41015625,0.9939012170476205,12.634671891362384,20.33396075610199,1.285565733909607
0.6557647585868835,19948.15625,0.9471117257740185,12.588198269040301,20.035989030638124,1.3019802570343018
0.756667971611023,20206.2734375,0.9874984328802676,12.588198269040301,20.035989030638124,1.3019802570343018
0.7010319828987122,16259.73828125,0.9719611425575423,12.52466389003487,19.477811082640077,1.3663482666015625
0.8535619378089905,16986.931640625,0.9970300698878393,12.065665567547992,16.217055543699647,1.4041523933410645
0.9042978882789612,18415.8828125,0.9986088370533039,11.753376687199786,15.018765672483827,1.4056382179260254
0.8300021886825562,19247.021484375,0.9957799852581057,11.446236813695148,13.986848100462343,1.3952618837356567
0.8758153915405273,18453.26171875,0.9978699564972155,11.446236813695148,13.986848100462343,1.3952618837356567
0.8462890386581421,18608.384765625,0.9966896248758405,11.171054208905414,13.105895265379335,1.3644812107086182
0.7135263085365295,21262.80078125,0.976565837174225,10.859293798238948,12.157624467649843,1.4454305171966553
0.8232053518295288,19651.45703125,0.9953305720872359,10.436033347875789,10.890582307615663,1.4123554229736328
0.8152511119842529,26158.654296875,0.9947440307238181,9.941741848618701,9.48258708361664,1.351224422454834
0.8329142332077026,22867.3125,0.9959591356921335,9.47834047141762,8.244450792112733,1.3575130701065063
0.6700805425643921,25373.87890625,0.9565927819085411,9.360580289990619,7.010478242674257,1.3293012380599976
0.6183344721794128,25989.33203125,0.9130482912098272,9.719567025334552,6.905568345823671,1.3708608150482178
0.2655840516090393,30787.359375,0.4173122143748093,10.344538057477191,6.618795617857362,1.4141656160354614
0.4728173315525055,44462.58984375,0.6396724863599237,11.999277556569293,5.120856508055116,1.4291837215423584
0.7398921847343445,27156.876953125,0.9840166629561266,12.736856902272418,4.069981797972108,1.519455909729004
0.8154794573783875,26485.87890625,0.9947618456747362,12.736856902272418,4.069981797972108,1.519455909729004
0.8724308013916016,24707.1953125,0.8698737475414632,13.294472182423785,3.093686326780702,1.589359164237976
0.862006425857544,27285.521484375,0.9973818703846826,13.73685880962105,2.199462159910585,1.6160943508148193
0.8717027902603149,27629.65234375,0.9977349302622341,14.072258914143756,1.3960296953109754,1.5972148180007935
0.8442227244377136,25663.3828125,0.9965860070635933,14.430270159871295,0.3837764108566297,1.511520266532898
0.4499712884426117,31827.46875,0.5924364798860804,14.949070656926349,1.1162517225357043,1.4156229496002197
0.8499288558959961,22916.904296875,0.9968645978275947,15.418388569981769,2.5670221006484972,1.377501130104065
0.7205818295478821,29774.244140625,0.9788362016651038,15.793091500432208,3.7349167024703966,1.3774785995483398
0.46821075677871704,38773.51171875,0.6297993458441585,15.793091500432208,3.7349167024703966,1.3774785995483398
0.47775354981422424,33680.87890625,0.65040485142566,15.990963185460284,4.417362467012023,1.3380603790283203
0.45529982447624207,35691.4765625,0.6030305812065421,16.132245267064288,4.716403261384581,1.3244978189468384
0.6385914087295532,27455.947265625,0.933299523702095,16.335067952305987,4.742702499589537,1.3282438516616821
0.8141966462135315,22592.98828125,0.9946609818189153,16.335067952305987,4.742702499589537,1.3282438516616821
0.8262402415275574,16342.931640625,0.9955368284903109,16.75142213168831,4.632970348558043,1.3675169944763184
0.8561661243438721,16779.220703125,0.997143305263049,17.496114457280353,4.502768531999205,1.3611419200897217
0.8082624077796936,19118.9609375,0.9941687738417981,18.440361703068927,4.398710027894591,1.361663579940796
0.9124611020088196,19431.41015625,0.9987688371913158,19.22381326022835,4.327686086854552,1.3848906755447388
0.8576692938804626,19896.298828125,0.9972066994687749,19.668611729771808,4.294191375932311,1.3507874011993408
0.8953816890716553,20107.32421875,0.998410290492804,19.668611729771808,4.294191375932311,1.3507874011993408
0.8898628354072571,19745.60546875,0.9982734840756451,19.852025235326007,4.286825433930968,1.3167632818222046
0.8849691152572632,16962.654296875,0.9981423873988544,19.907251561314776,4.314221397599791,1.3018450736999512
0.8409062027931213,20447.232421875,0.9964129139081175,19.886865819127276,4.352390543183898,1.3088816404342651
0.801442563533783,15982.8798828125,0.9935474288735957,19.91024419131966,4.49376322384796,1.2752759456634521
0.8145974278450012,18316.7265625,0.9946926991759317,19.915537083775714,4.496547476014708,1.3188502788543701
0.8085775375366211,19316.1171875,0.9941960066859183,19.88587209048958,4.474816814622496,1.3576334714889526
0.8276132941246033,17827.53125,0.9956271477995229,19.843703473241046,4.4447763120742785,1.3649311065673828
0.8899483680725098,15665.388671875,0.9982756913908167,19.843703473241046,4.4447763120742785,1.3649311065673828
0.781416654586792,17956.697265625,0.9913192644495146,19.823010647923663,4.428842560014342,1.3620878458023071
0.8916284441947937,16317.6748046875,0.9983184826948603,19.812769139439776,4.505980030259703,1.3919309377670288
0.7883406281471252,18313.275390625,0.9921644198951721,19.83090325656624,4.77892758007965,1.4472593069076538
0.8115721940994263,16195.7255859375,0.9944485934110493,19.83090325656624,4.77892758007965,1.4472593069076538
0.7898243069648743,18633.068359375,0.9923346727982327,19.78059502902718,6.0866655265899645,1.4348241090774536
0.8255894780158997,18907.802734375,0.9954933769600683,19.669442380101398,6.811136082372283,1.4437137842178345
0.8393001556396484,18848.83203125,0.9963259847300545,19.669442380101398,6.811136082372283,1.4437137842178345
0.8092638850212097,20107.931640625,0.994254884281206,19.428661549718097,7.272837788424109,1.4702918529510498
0.5093072652816772,16564.40625,0.7103268778151228,19.055520260960773,7.433818299880837,1.4962129592895508
0.7914925217628479,18792.669921875,0.9925217429824272,19.055520260960773,7.433818299880837,1.4962129592895508
0.8234595656394958,17603.009765625,0.9953482058928088,18.574300492436603,7.3928156239899145,1.533997654914856
0.9148243069648743,21955.001953125,0.9988116301599214,13.765970671803668,6.118069425782775,1.4840797185897827
0.8755314946174622,23376.40234375,0.9978608988764194,12.224686945111468,5.673528448304747,1.557133436203003
0.8655563592910767,25347.419921875,0.9975170745619798,12.224686945111468,5.673528448304747,1.557133436203003
0.870062530040741,24345.603515625,0.9976787277441714,10.79682078424187,5.25461961384735,1.635534405708313
0.740257978439331,27781.88671875,0.862411491444544,9.484189117581561,4.856616035661315,1.680401086807251
0.7178370356559753,29233.955078125,0.9779793084719386,8.279622281224444,4.499060884675597,1.6695221662521362
0.5897629857063293,33006.9609375,0.8761286717904213,8.279622281224444,4.499060884675597,1.6695221662521362
0.29012012481689453,20125.427734375,0.4246974014141903,6.9126531726429015,4.047037616929625,1.6200082302093506
0.34208735823631287,30772.6484375,0.4513549846333404,5.109819138676837,3.3675182020278918,1.5114853382110596
0.7654266357421875,74042.140625,0.9890093757766059,3.1331212169239073,2.4660523092361437,1.453406572341919
0.7409155368804932,130866.453125,0.9842537485097668,3.1331212169239073,2.4660523092361437,1.453406572341919
0.6724096536636353,80413.59375,0.8385141277876418,1.2652051800182313,0.31919361706695426,1.4459105730056763
0.6440247893333435,79985.2890625,0.7533122258357585,1.2728145473888368,0.33060862179717887,1.4367696046829224
0.667858898639679,166789.4375,0.9552316285412075,1.2916810863903017,0.3228628789993273,1.4351798295974731
0.6182336211204529,175263.765625,0.9129357555788901,1.2916810863903017,0.3228628789993273,1.4351798295974731
0.7278199195861816,188100.765625,0.9809444878257224,1.30960730251579,0.313725725373839,1.4297840595245361
